id,price,brand,year,title_status,mileage,color,state,region,country
1,6300,toyota,2008,clean vehicle,274117,black,new jersey,Northeast,usa
2,2899,ford,2011,clean vehicle,190552,silver,tennessee,South,usa
3,5350,dodge,2018,clean vehicle,39590,silver,georgia,South,usa
4,25000,ford,2014,clean vehicle,64146,blue,virginia,South,usa
5,27700,chevrolet,2018,clean vehicle,6654,red,florida,South,usa
6,5700,dodge,2018,clean vehicle,45561,white,texas,South,usa
7,7300,chevrolet,2010,clean vehicle,149050,black,georgia,South,usa
8,13350,gmc,2017,clean vehicle,23525,gray,california,West,usa
9,14600,chevrolet,2018,clean vehicle,9371,silver,florida,South,usa
10,5250,ford,2017,clean vehicle,63418,black,texas,South,usa
11,10400,dodge,2009,clean vehicle,107856,orange,georgia,South,usa
12,12920,gmc,2017,clean vehicle,39650,white,california,West,usa
13,31900,chevrolet,2018,clean vehicle,22909,black,tennessee,South,usa
14,5430,chrysler,2017,clean vehicle,138650,gray,texas,South,usa
15,20700,ford,2013,clean vehicle,100757,black,virginia,South,usa
16,12710,gmc,2017,clean vehicle,25747,white,california,West,usa
17,5200,kia,2018,clean vehicle,46194,blue,north carolina,South,usa
18,16500,buick,2018,clean vehicle,20002,red,tennessee,South,usa
19,5210,ford,2017,clean vehicle,35714,white,texas,South,usa
20,38100,ford,2013,clean vehicle,54380,gray,virginia,South,usa
21,12520,gmc,2017,clean vehicle,30114,white,california,West,usa
22,7300,kia,2018,clean vehicle,38823,black,north carolina,South,usa
23,15000,chevrolet,2015,clean vehicle,61578,black,ohio,Midwest,usa
24,6180,ford,2017,clean vehicle,46010,blue,texas,South,usa
25,20800,ford,2013,clean vehicle,105510,silver,virginia,South,usa
26,11900,gmc,2017,clean vehicle,28040,silver,california,West,usa
27,21500,kia,2020,clean vehicle,11451,blue,north carolina,South,usa
28,12000,buick,2014,clean vehicle,31039,brown,ohio,Midwest,usa
29,4190,ford,2017,clean vehicle,44174,white,texas,South,usa
30,13000,ford,2008,clean vehicle,93698,white,tennessee,South,usa
31,12710,gmc,2017,clean vehicle,26364,silver,california,West,usa
32,18500,infiniti,2016,clean vehicle,71967,gray,new york,Northeast,usa
33,29800,chevrolet,1973,clean vehicle,46226,red,pennsylvania,Northeast,usa
34,5330,ford,2017,clean vehicle,37792,no_color,texas,South,usa
35,13000,ford,2003,clean vehicle,58817,gray,virginia,South,usa
36,11900,gmc,2017,clean vehicle,27965,black,california,West,usa
37,16600,mercedes-benz,2016,clean vehicle,110907,white,new york,Northeast,usa
38,19200,chevrolet,2018,clean vehicle,2430,white,tennessee,South,usa
39,7320,ford,2017,clean vehicle,32366,gold,texas,South,usa
40,7000,ford,2003,clean vehicle,176567,white,tennessee,South,usa
41,12710,gmc,2017,clean vehicle,30049,white,california,West,usa
42,16600,mercedes-benz,2016,clean vehicle,97983,white,new york,Northeast,usa
43,30500,chevrolet,2018,clean vehicle,30442,red,tennessee,South,usa
44,6330,ford,2017,clean vehicle,38123,red,texas,South,usa
45,55000,ford,2017,clean vehicle,15273,black,pennsylvania,Northeast,usa
46,12520,gmc,2017,clean vehicle,28972,black,california,West,usa
47,16200,jeep,2019,clean vehicle,30061,red,north carolina,South,usa
48,19000,chevrolet,2017,clean vehicle,18414,white,tennessee,South,usa
49,5580,dodge,2017,clean vehicle,46829,gray,texas,South,usa
50,54000,ford,2017,clean vehicle,26241,black,pennsylvania,Northeast,usa
51,12710,gmc,2017,clean vehicle,39886,red,california,West,usa
52,16000,jeep,2019,clean vehicle,31594,silver,north carolina,South,usa
53,27000,buick,2017,clean vehicle,32107,no_color,tennessee,South,usa
54,7760,ford,2017,clean vehicle,44794,gray,texas,South,usa
55,19600,chrysler,2019,clean vehicle,42648,gray,south carolina,South,usa
56,12920,gmc,2017,clean vehicle,39165,silver,california,West,usa
57,20000,jeep,2019,clean vehicle,38355,charcoal,north carolina,South,usa
58,18100,buick,2017,clean vehicle,46766,silver,florida,South,usa
59,23000,chrysler,2020,clean vehicle,2473,white,ohio,Midwest,usa
60,18500,chrysler,2019,clean vehicle,38586,gray,south carolina,South,usa
61,13490,gmc,2017,clean vehicle,27842,white,california,West,usa
62,20700,jeep,2019,clean vehicle,31156,white,north carolina,South,usa
63,17800,chevrolet,2017,clean vehicle,52435,black,florida,South,usa
64,6650,ford,2017,clean vehicle,29942,black,texas,South,usa
65,29100,chrysler,2019,clean vehicle,25281,red,south carolina,South,usa
66,12710,gmc,2017,clean vehicle,32504,silver,california,West,usa
67,21100,jeep,2019,clean vehicle,28649,silver,north carolina,South,usa
68,18600,chevrolet,2017,clean vehicle,35200,white,florida,South,usa
69,4340,ford,2017,clean vehicle,25602,silver,texas,South,usa
70,19300,chrysler,2019,clean vehicle,34801,gray,south carolina,South,usa
71,12780,gmc,2017,clean vehicle,31009,black,california,West,usa
72,15800,jeep,2019,clean vehicle,35595,charcoal,north carolina,South,usa
73,29400,bmw,2017,clean vehicle,23765,black,tennessee,South,usa
74,4430,ford,2017,clean vehicle,31792,black,texas,South,usa
75,19400,chrysler,2019,clean vehicle,33135,gray,south carolina,South,usa
76,12520,gmc,2017,clean vehicle,30636,red,california,West,usa
77,15900,jeep,2019,clean vehicle,34502,red,north carolina,South,usa
78,26400,buick,2017,clean vehicle,25434,white,florida,South,usa
79,4140,ford,2017,clean vehicle,36732,black,texas,South,usa
80,18300,chrysler,2019,clean vehicle,41792,gray,south carolina,South,usa
81,12520,gmc,2017,clean vehicle,31992,black,california,West,usa
82,17900,jeep,2019,clean vehicle,32501,red,north carolina,South,usa
83,18300,chevrolet,2017,clean vehicle,28395,black,florida,South,usa
84,4640,ford,2017,clean vehicle,36139,blue,texas,South,usa
85,24000,ford,2016,clean vehicle,84413,black,pennsylvania,Northeast,usa
86,13200,gmc,2017,clean vehicle,33457,white,california,West,usa
87,18000,jeep,2019,clean vehicle,29245,gray,north carolina,South,usa
88,14900,chevrolet,2017,clean vehicle,12783,silver,florida,South,usa
89,4140,ford,2017,clean vehicle,17617,white,texas,South,usa
90,11500,ford,2016,clean vehicle,36855,black,pennsylvania,Northeast,usa
91,9110,ford,2017,clean vehicle,110316,white,texas,South,usa
92,7350,chrysler,2015,clean vehicle,88227,black,pennsylvania,Northeast,usa
93,24500,bmw,2017,clean vehicle,17626,gray,michigan,Midwest,usa
94,9300,ford,2017,clean vehicle,120353,white,texas,South,usa
95,39800,dodge,2015,clean vehicle,3641,white,pennsylvania,Northeast,usa
96,53500,bmw,2017,clean vehicle,29355,blue,michigan,Midwest,usa
97,15110,ford,2017,clean vehicle,39333,black,texas,South,usa
98,34000,ford,2015,clean vehicle,42930,white,pennsylvania,Northeast,usa
99,26502,chevrolet,2017,clean vehicle,24993,black,michigan,Midwest,usa
100,5990,ford,2017,clean vehicle,44929,black,texas,South,usa
101,13600,ford,2018,clean vehicle,16971,black,south carolina,South,usa
102,23605,cadillac,2017,clean vehicle,35598,gray,michigan,Midwest,usa
103,10780,ford,2017,clean vehicle,40455,white,texas,South,usa
104,13800,ford,2018,clean vehicle,23164,white,south carolina,South,usa
105,25201,cadillac,2017,clean vehicle,19011,no_color,michigan,Midwest,usa
106,7070,ford,2017,clean vehicle,45191,white,texas,South,usa
107,8700,ford,2018,clean vehicle,21405,white,south carolina,South,usa
108,18003,chevrolet,2017,clean vehicle,19117,no_color,michigan,Midwest,usa
109,8530,ford,2017,clean vehicle,42104,black,texas,South,usa
110,23100,dodge,2018,clean vehicle,49496,white,south carolina,South,usa
111,24500,cadillac,2017,clean vehicle,32418,white,michigan,Midwest,usa
112,7000,ford,2017,clean vehicle,29882,white,texas,South,usa
113,17000,ford,2018,clean vehicle,34819,gold,south carolina,South,usa
114,34002,chevrolet,2017,clean vehicle,31923,white,michigan,Midwest,usa
115,6980,ford,2017,clean vehicle,29168,gray,texas,South,usa
116,25000,dodge,2018,clean vehicle,28307,silver,michigan,Midwest,usa
117,20802,chevrolet,2017,clean vehicle,33791,turquoise,michigan,Midwest,usa
118,9200,ford,2017,clean vehicle,21770,black,texas,South,usa
119,26500,chrysler,2017,clean vehicle,18375,gray,michigan,Midwest,usa
120,24802,chevrolet,2017,clean vehicle,14158,gray,michigan,Midwest,usa
121,7070,ford,2017,clean vehicle,30318,black,texas,South,usa
122,28500,ford,2017,clean vehicle,48086,red,south carolina,South,usa
123,47500,cadillac,2017,clean vehicle,26562,black,michigan,Midwest,usa
124,23500,ford,2017,clean vehicle,57611,black,south carolina,South,usa
125,23505,chevrolet,2017,clean vehicle,47357,black,michigan,Midwest,usa
126,10940,ford,2017,clean vehicle,84916,white,texas,South,usa
127,32100,ford,2017,clean vehicle,24521,gray,south carolina,South,usa
128,53000,chevrolet,2018,clean vehicle,16105,black,washington,West,usa
129,6830,ford,2017,clean vehicle,35888,gold,texas,South,usa
130,11900,dodge,2017,clean vehicle,59537,gray,south carolina,South,usa
131,26414,chevrolet,2017,clean vehicle,55222,black,michigan,Midwest,usa
132,4160,dodge,2018,clean vehicle,32870,gray,florida,South,usa
133,19405,chevrolet,2017,clean vehicle,39687,silver,michigan,Midwest,usa
134,5690,dodge,2018,clean vehicle,47085,silver,florida,South,usa
135,25900,chrysler,2017,clean vehicle,32224,silver,south carolina,South,usa
136,24005,chevrolet,2017,clean vehicle,51293,beige,michigan,Midwest,usa
137,5090,dodge,2018,clean vehicle,42989,gray,florida,South,usa
138,19500,chrysler,2017,clean vehicle,31311,gray,arizona,West,usa
139,32012,chevrolet,2017,clean vehicle,46091,white,michigan,Midwest,usa
140,6800,dodge,2016,clean vehicle,49033,black,michigan,Midwest,usa
141,4260,dodge,2018,clean vehicle,33957,gray,florida,South,usa
142,31802,chevrolet,2017,clean vehicle,19845,silver,michigan,Midwest,usa
143,7210,dodge,2018,clean vehicle,38910,black,florida,South,usa
144,28402,chevrolet,2017,clean vehicle,31234,black,michigan,Midwest,usa
145,6800,dodge,2018,clean vehicle,36767,gray,florida,South,usa
146,33300,cadillac,2015,clean vehicle,57932,gray,washington,West,usa
147,10780,dodge,2018,clean vehicle,19420,white,florida,South,usa
148,6700,ford,2014,clean vehicle,204155,beige,pennsylvania,Northeast,usa
149,20000,chevrolet,2016,clean vehicle,93493,white,washington,West,usa
150,6440,chrysler,2018,clean vehicle,20942,gray,florida,South,usa
151,19900,ford,2016,clean vehicle,86826,gray,south carolina,South,usa
152,37000,chevrolet,2015,clean vehicle,45787,white,washington,West,usa
153,4040,dodge,2018,clean vehicle,50765,red,florida,South,usa
154,22300,ford,2016,clean vehicle,62774,black,south carolina,South,usa
155,31200,chevrolet,2011,clean vehicle,76326,gray,washington,West,usa
156,4290,dodge,2018,clean vehicle,39029,white,florida,South,usa
157,22800,ford,2016,clean vehicle,72885,silver,south carolina,South,usa
158,19002,cadillac,2016,clean vehicle,46467,white,michigan,Midwest,usa
159,4160,dodge,2018,clean vehicle,6743,gray,florida,South,usa
160,18500,ford,2016,clean vehicle,33514,white,south carolina,South,usa
161,39000,bmw,2016,clean vehicle,39917,blue,michigan,Midwest,usa
162,6060,dodge,2018,clean vehicle,32504,black,florida,South,usa
163,28800,ford,2016,clean vehicle,77638,white,south carolina,South,usa
164,40000,bmw,2016,clean vehicle,31727,gray,michigan,Midwest,usa
165,6140,dodge,2018,clean vehicle,52966,silver,florida,South,usa
166,21000,ford,2016,clean vehicle,24157,gray,south carolina,South,usa
167,20105,buick,2016,clean vehicle,51393,beige,michigan,Midwest,usa
168,6760,dodge,2018,clean vehicle,35461,white,florida,South,usa
169,25800,ford,2014,clean vehicle,47055,brown,pennsylvania,Northeast,usa
170,39000,bmw,2016,clean vehicle,33110,black,michigan,Midwest,usa
171,5470,dodge,2018,clean vehicle,39721,black,florida,South,usa
172,14600,ford,2014,clean vehicle,75785,black,pennsylvania,Northeast,usa
173,24502,chevrolet,2016,clean vehicle,33624,black,michigan,Midwest,usa
174,15110,ford,2017,clean vehicle,42289,white,texas,South,usa
175,7900,ford,2014,clean vehicle,79422,white,new york,Northeast,usa
176,27305,chevrolet,2016,clean vehicle,28844,blue,michigan,Midwest,usa
177,15290,ford,2017,clean vehicle,66582,white,texas,South,usa
178,26500,ford,2015,clean vehicle,61436,silver,south carolina,South,usa
179,25502,chevrolet,2016,clean vehicle,58303,silver,michigan,Midwest,usa
180,7320,ford,2017,clean vehicle,55618,white,texas,South,usa
181,3800,chevrolet,2009,clean vehicle,261648,white,michigan,Midwest,usa
182,24502,chevrolet,2016,clean vehicle,33045,white,michigan,Midwest,usa
183,4140,ford,2017,clean vehicle,40747,white,texas,South,usa
184,1400,dodge,2002,clean vehicle,185460,black,michigan,Midwest,usa
185,18402,cadillac,2016,clean vehicle,26667,gray,michigan,Midwest,usa
186,4160,ford,2017,clean vehicle,37176,white,texas,South,usa
187,175,chrysler,2000,salvage insurance,231240,red,north carolina,South,usa
188,24503,chevrolet,2016,clean vehicle,18006,brown,michigan,Midwest,usa
189,15840,ford,2017,clean vehicle,72445,white,texas,South,usa
190,20500,ford,2014,clean vehicle,123355,black,south carolina,South,usa
191,21003,chevrolet,2016,clean vehicle,44116,silver,michigan,Midwest,usa
192,4200,ford,2017,clean vehicle,60219,red,texas,South,usa
193,17400,ford,2011,clean vehicle,135077,red,georgia,South,usa
194,32001,chevrolet,2016,clean vehicle,32058,black,michigan,Midwest,usa
195,15700,ford,2011,clean vehicle,309564,white,south carolina,South,usa
196,31009,chevrolet,2016,clean vehicle,33928,white,michigan,Midwest,usa
197,3740,ford,2017,clean vehicle,90618,white,texas,South,usa
198,5000,dodge,2001,clean vehicle,109360,white,georgia,South,usa
199,31002,chevrolet,2016,clean vehicle,71809,white,michigan,Midwest,usa
200,3160,ford,2017,clean vehicle,31563,gray,texas,South,usa
201,8600,dodge,2005,clean vehicle,219823,gray,south carolina,South,usa
202,6000,chevrolet,2018,clean vehicle,42090,gray,texas,South,usa
203,12990,ford,2017,clean vehicle,126523,white,texas,South,usa
204,25,chevrolet,2020,salvage insurance,7232,black,kentucky,South,usa
205,13200,buick,2017,clean vehicle,60171,black,texas,South,usa
206,4410,ford,2017,clean vehicle,209915,white,texas,South,usa
207,25,chrysler,2005,salvage insurance,151815,silver,massachusetts,Northeast,usa
208,22500,chevrolet,2020,clean vehicle,13826,green,georgia,South,usa
209,7420,ford,2017,clean vehicle,55854,white,texas,South,usa
210,13500,ford,2016,clean vehicle,45757,silver,arizona,West,usa
211,15500,chevrolet,2020,clean vehicle,16545,white,georgia,South,usa
212,3540,ford,2017,clean vehicle,112893,white,texas,South,usa
213,17000,ford,2016,clean vehicle,126802,no_color,florida,South,usa
214,45500,chevrolet,2020,clean vehicle,13303,white,georgia,South,usa
215,4130,ford,2017,clean vehicle,34061,silver,texas,South,usa
216,15700,ford,2015,clean vehicle,70251,white,arizona,West,usa
217,45500,chevrolet,2020,clean vehicle,13679,gray,georgia,South,usa
218,4130,ford,2017,clean vehicle,42426,gray,texas,South,usa
219,15500,dodge,2012,clean vehicle,66452,black,pennsylvania,Northeast,usa
220,16300,chevrolet,2020,clean vehicle,18221,white,georgia,South,usa
221,4530,ford,2017,clean vehicle,41455,white,texas,South,usa
222,15600,dodge,2011,clean vehicle,35275,black,pennsylvania,Northeast,usa
223,45500,chevrolet,2020,clean vehicle,13885,white,georgia,South,usa
224,4100,ford,2017,clean vehicle,38815,gray,texas,South,usa
225,18200,dodge,2011,clean vehicle,162281,white,pennsylvania,Northeast,usa
226,10200,chevrolet,2013,clean vehicle,56479,black,texas,South,usa
227,4080,ford,2017,clean vehicle,61027,black,texas,South,usa
228,5700,ford,2014,clean vehicle,178703,white,florida,South,usa
229,10200,chevrolet,2014,clean vehicle,173469,white,texas,South,usa
230,5000,ford,2017,clean vehicle,37321,white,texas,South,usa
231,1700,ford,2014,clean vehicle,112789,white,florida,South,usa
232,6200,bmw,2011,clean vehicle,80394,gray,texas,South,usa
233,3650,ford,2016,clean vehicle,68142,white,texas,South,usa
234,10500,dodge,2014,clean vehicle,74203,white,arizona,West,usa
235,43500,chevrolet,2018,clean vehicle,57604,white,georgia,South,usa
236,4610,dodge,2016,clean vehicle,87229,silver,texas,South,usa
237,3450,ford,2012,clean vehicle,90711,white,florida,South,usa
238,38500,chevrolet,2018,clean vehicle,11135,silver,georgia,South,usa
239,6810,ford,2016,clean vehicle,66781,silver,texas,South,usa
240,2900,ford,2011,clean vehicle,190994,white,florida,South,usa
241,43500,chevrolet,2018,clean vehicle,56007,white,georgia,South,usa
242,4450,ford,2016,clean vehicle,32486,white,texas,South,usa
243,5800,ford,2011,clean vehicle,195908,white,florida,South,usa
244,16500,chevrolet,2018,clean vehicle,18020,silver,georgia,South,usa
245,4240,dodge,2016,clean vehicle,83262,white,texas,South,usa
246,26500,ford,2008,clean vehicle,62015,white,pennsylvania,Northeast,usa
247,13700,chevrolet,2017,clean vehicle,36421,silver,georgia,South,usa
248,8600,ford,2016,clean vehicle,73321,white,texas,South,usa
249,8000,ford,2008,clean vehicle,132379,white,florida,South,usa
250,14200,chevrolet,2017,clean vehicle,28013,silver,georgia,South,usa
251,7040,ford,2016,clean vehicle,33291,silver,texas,South,usa
252,4700,ford,2005,clean vehicle,225236,no_color,florida,South,usa
253,30851,chevrolet,2016,clean vehicle,43176,red,georgia,South,usa
254,4880,ford,2016,clean vehicle,36876,silver,texas,South,usa
255,14500,dodge,2006,clean vehicle,111782,silver,pennsylvania,Northeast,usa
256,7600,chevrolet,2017,clean vehicle,110489,brown,nebraska,Midwest,usa
257,13270,ford,2016,clean vehicle,84035,white,texas,South,usa
258,12800,ford,2012,clean vehicle,131101,gray,arizona,West,usa
259,33000,chevrolet,2018,clean vehicle,52521,white,ontario,Canada,canada
260,9280,ford,2016,clean vehicle,101380,white,texas,South,usa
261,900,ford,2003,clean vehicle,142027,white,florida,South,usa
262,7560,ford,2016,clean vehicle,111476,gray,texas,South,usa
263,19500,ford,2011,clean vehicle,76897,white,pennsylvania,Northeast,usa
264,17100,chevrolet,2019,clean vehicle,15780,white,washington,West,usa
265,8020,ford,2016,clean vehicle,31944,white,texas,South,usa
266,10300,ford,2019,clean vehicle,18937,black,missouri,Midwest,usa
267,22600,chevrolet,2019,clean vehicle,9706,white,washington,West,usa
268,10480,ford,2016,clean vehicle,57289,gray,texas,South,usa
269,10300,ford,2019,clean vehicle,19956,silver,missouri,Midwest,usa
270,22700,chevrolet,2019,clean vehicle,6075,white,washington,West,usa
271,7410,ford,2016,clean vehicle,21034,gray,texas,South,usa
272,10300,ford,2019,clean vehicle,22881,gray,missouri,Midwest,usa
273,10300,chevrolet,2013,clean vehicle,167600,gray,washington,West,usa
274,7570,ford,2016,clean vehicle,37252,white,texas,South,usa
275,67000,dodge,2019,clean vehicle,10944,blue,ohio,Midwest,usa
276,18900,chevrolet,2019,clean vehicle,27601,white,texas,South,usa
277,12560,ford,2019,clean vehicle,15958,white,florida,South,usa
278,33000,dodge,2019,clean vehicle,32251,white,ohio,Midwest,usa
279,18300,chevrolet,2019,clean vehicle,25809,black,texas,South,usa
280,11760,ford,2017,clean vehicle,30553,white,texas,South,usa
281,31700,dodge,2019,clean vehicle,26549,red,ohio,Midwest,usa
282,25,dodge,2007,salvage insurance,160528,dark blue,minnesota,Midwest,usa
283,7340,ford,2019,clean vehicle,15854,gray,florida,South,usa
284,8200,hyundai,2017,clean vehicle,56690,white,connecticut,Northeast,usa
285,3000,kia,2013,clean vehicle,97142,silver,missouri,Midwest,usa
286,6530,jeep,2019,clean vehicle,10185,black,georgia,South,usa
287,12700,kia,2019,clean vehicle,23514,silver,california,West,usa
288,13800,kia,2017,clean vehicle,86959,gray,north carolina,South,usa
289,725,ford,2017,salvage insurance,67279,gray,virginia,South,usa
290,7400,ford,2019,clean vehicle,16482,gray,florida,South,usa
291,9800,hyundai,2017,clean vehicle,35687,red,connecticut,Northeast,usa
292,4400,jeep,2019,clean vehicle,17911,green,georgia,South,usa
293,10330,infiniti,2019,clean vehicle,21278,blue,florida,South,usa
294,1800,chevrolet,2011,salvage insurance,47269,black,arkansas,South,usa
295,50,chevrolet,2008,salvage insurance,172102,blue,texas,South,usa
296,720,ford,2006,clean vehicle,26914,no_color,florida,South,usa
297,22800,ford,2017,clean vehicle,67217,red,michigan,Midwest,usa
298,2500,ford,2017,salvage insurance,78698,black,california,West,usa
299,9190,gmc,2017,clean vehicle,41961,black,virginia,South,usa
300,10900,jeep,2019,clean vehicle,13273,red,michigan,Midwest,usa
301,10400,infiniti,2019,clean vehicle,31713,black,florida,South,usa
302,7320,chevrolet,2008,clean vehicle,325611,silver,florida,South,usa
303,22809,ford,2017,clean vehicle,50732,black,michigan,Midwest,usa
304,5520,gmc,2017,clean vehicle,52904,silver,virginia,South,usa
305,10900,jeep,2019,clean vehicle,14195,orange,michigan,Midwest,usa
306,6330,jeep,2019,clean vehicle,43965,red,florida,South,usa
307,25,chevrolet,2010,salvage insurance,149189,white,colorado,West,usa
308,2320,dodge,2007,clean vehicle,112182,red,florida,South,usa
309,23702,ford,2017,clean vehicle,49024,black,michigan,Midwest,usa
310,5520,gmc,2017,clean vehicle,35821,silver,virginia,South,usa
311,4050,heartland,2018,clean vehicle,1,gray,pennsylvania,Northeast,usa
312,14810,infiniti,2019,clean vehicle,32611,brown,florida,South,usa
313,25,chevrolet,2011,salvage insurance,105244,white,colorado,West,usa
314,2960,chrysler,2008,clean vehicle,164048,red,florida,South,usa
315,24800,ford,2017,clean vehicle,46955,gray,michigan,Midwest,usa
316,6270,gmc,2017,clean vehicle,70443,black,virginia,South,usa
317,1880,heartland,2012,clean vehicle,1,white,pennsylvania,Northeast,usa
318,10050,infiniti,2019,clean vehicle,18229,gray,florida,South,usa
319,225,chevrolet,2014,salvage insurance,87673,red,colorado,West,usa
320,26900,chevrolet,2018,clean vehicle,42941,black,missouri,Midwest,usa
321,1420,chrysler,2007,clean vehicle,104405,gold,florida,South,usa
322,27003,ford,2017,clean vehicle,57186,black,michigan,Midwest,usa
323,350,ford,2004,salvage insurance,236980,gray,illinois,Midwest,usa
324,5600,gmc,2017,clean vehicle,59808,black,virginia,South,usa
325,6680,heartland,2011,clean vehicle,1,gray,pennsylvania,Northeast,usa
326,10120,infiniti,2019,clean vehicle,20681,white,florida,South,usa
327,3920,ford,2015,clean vehicle,102700,white,georgia,South,usa
328,23100,ford,2017,clean vehicle,53270,black,michigan,Midwest,usa
329,5630,gmc,2017,clean vehicle,27195,black,virginia,South,usa
330,2800,jaguar,2019,clean vehicle,20849,black,florida,South,usa
331,8850,ford,2015,clean vehicle,143818,black,georgia,South,usa
332,18712,ford,2017,clean vehicle,67347,black,michigan,Midwest,usa
333,6300,gmc,2017,clean vehicle,117400,blue,virginia,South,usa
334,2220,heartland,2010,clean vehicle,1,white,pennsylvania,Northeast,usa
335,6930,jeep,2019,clean vehicle,47798,red,florida,South,usa
336,25,chevrolet,2008,salvage insurance,130623,white,california,West,usa
337,3440,ford,2015,clean vehicle,124542,white,georgia,South,usa
338,50412,ford,2017,clean vehicle,47129,black,michigan,Midwest,usa
339,25,ford,1994,salvage insurance,206162,white,georgia,South,usa
340,950,ford,2001,salvage insurance,229886,red,illinois,Midwest,usa
341,9270,gmc,2017,clean vehicle,19490,gray,virginia,South,usa
342,11380,jeep,2019,clean vehicle,12038,black,michigan,Midwest,usa
343,5350,hyundai,2019,clean vehicle,43536,blue,florida,South,usa
344,2725,chevrolet,2004,salvage insurance,308451,black,south carolina,South,usa
345,3790,ford,2015,clean vehicle,100893,gray,georgia,South,usa
346,40514,ford,2017,clean vehicle,90304,white,michigan,Midwest,usa
347,9190,gmc,2017,clean vehicle,31394,gray,virginia,South,usa
348,10330,infiniti,2019,clean vehicle,25933,gray,florida,South,usa
349,1000,acura,2008,salvage insurance,118250,gray,michigan,Midwest,usa
350,2925,bmw,2013,salvage insurance,46060,white,florida,South,usa
351,3830,ford,2015,clean vehicle,50593,gold,georgia,South,usa
352,43402,ford,2017,clean vehicle,62387,blue,michigan,Midwest,usa
353,1025,gmc,2009,salvage insurance,169634,black,michigan,Midwest,usa
354,17200,honda,2016,clean vehicle,72527,gray,new jersey,Northeast,usa
355,6940,honda,2010,clean vehicle,217290,no_color,pennsylvania,Northeast,usa
356,13080,infiniti,2019,clean vehicle,17243,gray,florida,South,usa
357,25,chevrolet,2007,salvage insurance,194903,gray,virginia,South,usa
358,10630,ford,2015,clean vehicle,82899,white,georgia,South,usa
359,43009,ford,2017,clean vehicle,76418,white,michigan,Midwest,usa
360,25,gmc,2003,salvage insurance,138441,white,michigan,Midwest,usa
361,4600,ford,2006,salvage insurance,240740,brown,mississippi,South,usa
362,4950,honda,2016,clean vehicle,71404,black,virginia,South,usa
363,3760,hyundai,2019,clean vehicle,30382,silver,florida,South,usa
364,3900,acura,2009,clean vehicle,179389,black,texas,South,usa
365,3830,ford,2015,clean vehicle,82534,silver,georgia,South,usa
366,53500,ford,2017,clean vehicle,55732,white,michigan,Midwest,usa
367,25,ford,2010,salvage insurance,198596,gray,michigan,Midwest,usa
368,25,ford,1998,salvage insurance,300021,brown,arkansas,South,usa
369,6240,honda,2015,clean vehicle,83623,silver,virginia,South,usa
370,4150,jeep,2014,clean vehicle,108895,white,new york,Northeast,usa
371,25,jeep,1999,salvage insurance,226972,black,florida,South,usa
372,61200,bmw,2020,clean vehicle,7509,black,california,West,usa
373,13500,bmw,2014,clean vehicle,33542,blue,new jersey,Northeast,usa
374,6490,ford,2015,clean vehicle,74754,black,georgia,South,usa
375,51502,ford,2017,clean vehicle,27661,black,michigan,Midwest,usa
376,250,ford,2010,salvage insurance,115241,white,michigan,Midwest,usa
377,25,ford,1984,salvage insurance,41577,white,arkansas,South,usa
378,8160,honda,2015,clean vehicle,109027,gray,virginia,South,usa
379,7770,jeep,2014,clean vehicle,72732,gray,new york,Northeast,usa
380,200,jeep,2001,salvage insurance,126400,green,maryland,South,usa
381,25,audi,2008,salvage insurance,177422,black,texas,South,usa
382,1825,bmw,2008,salvage insurance,77984,white,georgia,South,usa
383,39800,bmw,2017,clean vehicle,23177,blue,california,West,usa
384,9210,ford,2015,clean vehicle,26911,silver,georgia,South,usa
385,58500,ford,2019,clean vehicle,21527,blue,washington,West,usa
386,125,ford,2014,salvage insurance,56461,silver,michigan,Midwest,usa
387,3960,honda,2015,clean vehicle,95128,white,virginia,South,usa
388,5998,hyundai,2014,clean vehicle,122975,phantom black,new york,Northeast,usa
389,3700,honda,2014,clean vehicle,162824,blue,new york,Northeast,usa
390,5000,gmc,2012,clean vehicle,140339,black,utah,West,usa
391,15050,infiniti,2019,clean vehicle,26786,white,texas,South,usa
392,3960,hyundai,2019,clean vehicle,35623,red,ohio,Midwest,usa
393,36300,lincoln,2019,clean vehicle,14541,black,california,West,usa
394,55600,lexus,2020,clean vehicle,8186,silver,florida,South,usa
395,2630,nissan,2018,clean vehicle,36739,gray,california,West,usa
396,5690,nissan,2017,clean vehicle,42616,blue,new jersey,Northeast,usa
397,19500,audi,2017,clean vehicle,65833,blue,texas,South,usa
398,450,chevrolet,2008,salvage insurance,123515,yellow,minnesota,Midwest,usa
399,20400,cadillac,2015,clean vehicle,36122,white,wisconsin,Midwest,usa
400,4320,chevrolet,2011,clean vehicle,88359,brown,florida,South,usa
401,33001,ford,2017,clean vehicle,35905,gray,michigan,Midwest,usa
402,10000,ford,2017,salvage insurance,35747,red,arkansas,South,usa
403,5790,gmc,2012,clean vehicle,105020,white,utah,West,usa
404,14750,infiniti,2019,clean vehicle,11047,black,texas,South,usa
405,4010,hyundai,2019,clean vehicle,31233,silver,ohio,Midwest,usa
406,40000,mercedes-benz,2019,clean vehicle,19427,white,california,West,usa
407,13000,kia,2017,clean vehicle,71991,silver,new jersey,Northeast,usa
408,3550,nissan,2018,clean vehicle,29043,blue,california,West,usa
409,3040,nissan,2017,clean vehicle,36064,gray,new jersey,Northeast,usa
410,36400,audi,2015,clean vehicle,47213,black,wisconsin,Midwest,usa
411,4480,ford,2011,clean vehicle,116480,black,florida,South,usa
412,31003,ford,2017,clean vehicle,72084,red,michigan,Midwest,usa
413,75,ford,2001,salvage insurance,295780,gold,arkansas,South,usa
414,8850,gmc,2011,clean vehicle,148035,white,utah,West,usa
415,14750,infiniti,2019,clean vehicle,11396,white,texas,South,usa
416,4690,hyundai,2019,clean vehicle,33785,silver,ohio,Midwest,usa
417,23000,land,2018,clean vehicle,20103,black,california,West,usa
418,46900,land,2018,clean vehicle,32387,black,florida,South,usa
419,10740,mercedes-benz,2018,clean vehicle,48140,white,california,West,usa
420,3160,nissan,2017,clean vehicle,34861,gray,new jersey,Northeast,usa
421,3450,chrysler,2011,clean vehicle,114119,gold,florida,South,usa
422,27102,ford,2017,clean vehicle,34165,red,michigan,Midwest,usa
423,500,gmc,2018,salvage insurance,27442,black,arkansas,South,usa
424,5100,gmc,2011,clean vehicle,144792,white,utah,West,usa
425,15010,infiniti,2019,clean vehicle,11394,beige,texas,South,usa
426,5800,jeep,2019,clean vehicle,30546,silver,ohio,Midwest,usa
427,23200,land,2018,clean vehicle,23745,black,california,West,usa
428,8000,hyundai,2015,clean vehicle,88274,red,pennsylvania,Northeast,usa
429,3390,nissan,2018,clean vehicle,38349,gray,california,West,usa
430,3140,nissan,2017,clean vehicle,30142,white,new jersey,Northeast,usa
431,25,chevrolet,2007,salvage insurance,267834,black,texas,South,usa
432,15000,bmw,2014,clean vehicle,44730,silver,illinois,Midwest,usa
433,10440,chevrolet,2011,clean vehicle,92476,blue,florida,South,usa
434,23911,ford,2017,clean vehicle,25698,black,michigan,Midwest,usa
435,25,ford,2010,salvage insurance,155242,gray,oklahoma,South,usa
436,21400,gmc,2018,clean vehicle,54332,gray,new jersey,Northeast,usa
437,5380,gmc,2011,clean vehicle,119215,white,utah,West,usa
438,11000,jeep,2019,clean vehicle,8930,red,michigan,Midwest,usa
439,4950,jeep,2019,clean vehicle,46985,silver,ohio,Midwest,usa
440,22500,land,2018,clean vehicle,30220,black,california,West,usa
441,30300,maserati,2017,clean vehicle,37021,black,florida,South,usa
442,2630,nissan,2018,clean vehicle,43152,white,california,West,usa
443,3140,nissan,2017,clean vehicle,34318,silver,new jersey,Northeast,usa
444,2300,chevrolet,2011,salvage insurance,88287,white,arkansas,South,usa
445,4310,chevrolet,2011,clean vehicle,105486,black,florida,South,usa
446,26012,ford,2017,clean vehicle,19850,black,michigan,Midwest,usa
447,75,ford,2014,salvage insurance,116535,silver,oklahoma,South,usa
448,48500,gmc,2019,clean vehicle,15777,black,pennsylvania,Northeast,usa
449,3330,gmc,2009,clean vehicle,87448,white,utah,West,usa
450,11200,jeep,2019,clean vehicle,8395,yellow,michigan,Midwest,usa
451,4730,hyundai,2019,clean vehicle,30121,red,ohio,Midwest,usa
452,24900,mercedes-benz,2018,clean vehicle,33687,white,california,West,usa
453,29400,mercedes-benz,2017,clean vehicle,37561,blue,florida,South,usa
454,8350,nissan,2018,clean vehicle,32256,gray,california,West,usa
455,3210,nissan,2017,clean vehicle,25255,black,new jersey,Northeast,usa
456,25,chevrolet,2006,salvage insurance,165327,white,arkansas,South,usa
457,4200,chevrolet,2006,clean vehicle,118009,white,wisconsin,Midwest,usa
458,8430,chevrolet,2011,clean vehicle,114547,black,florida,South,usa
459,25503,ford,2017,clean vehicle,18647,black,michigan,Midwest,usa
460,26000,gmc,2019,clean vehicle,16669,black,pennsylvania,Northeast,usa
461,3900,honda,2017,clean vehicle,47970,blue,virginia,South,usa
462,11200,jeep,2019,clean vehicle,12905,gray,michigan,Midwest,usa
463,8610,jeep,2019,clean vehicle,22123,silver,ohio,Midwest,usa
464,28000,mercedes-benz,2018,clean vehicle,40780,white,california,West,usa
465,84900,mercedes-benz,2017,clean vehicle,25302,silver,florida,South,usa
466,10840,lexus,2017,clean vehicle,36596,black,california,West,usa
467,11050,ram,2017,clean vehicle,30421,white,new jersey,Northeast,usa
468,1000,chevrolet,2005,clean vehicle,135675,gray,wisconsin,Midwest,usa
469,3570,dodge,2015,clean vehicle,17355,black,georgia,South,usa
470,25001,ford,2017,clean vehicle,27773,gray,michigan,Midwest,usa
471,5630,gmc,2017,clean vehicle,58366,black,virginia,South,usa
472,11100,jeep,2019,clean vehicle,11229,white,michigan,Midwest,usa
473,4650,hyundai,2019,clean vehicle,27492,white,ohio,Midwest,usa
474,3820,nissan,2016,clean vehicle,41654,blue,california,West,usa
475,2900,nissan,2017,clean vehicle,31954,gray,new jersey,Northeast,usa
476,5100,chevrolet,2004,clean vehicle,173321,gray,wisconsin,Midwest,usa
477,4700,dodge,2015,clean vehicle,93423,red,georgia,South,usa
478,29502,ford,2017,clean vehicle,14053,red,michigan,Midwest,usa
479,6160,honda,2017,clean vehicle,25956,white,virginia,South,usa
480,10910,jeep,2019,clean vehicle,12253,red,michigan,Midwest,usa
481,3440,hyundai,2019,clean vehicle,34895,gray,ohio,Midwest,usa
482,16000,mazda,2016,clean vehicle,47753,gray,florida,South,usa
483,3810,kia,2016,clean vehicle,39408,black,california,West,usa
484,3020,nissan,2017,clean vehicle,33599,white,new jersey,Northeast,usa
485,2000,chevrolet,2003,clean vehicle,507985,red,wisconsin,Midwest,usa
486,3870,ford,2010,clean vehicle,185983,white,florida,South,usa
487,24811,ford,2017,clean vehicle,28464,red,michigan,Midwest,usa
488,75,ford,2007,salvage insurance,154989,blue,oklahoma,South,usa
489,5420,honda,2017,clean vehicle,16702,black,virginia,South,usa
490,11100,jeep,2019,clean vehicle,11449,yellow,michigan,Midwest,usa
491,4750,hyundai,2019,clean vehicle,25847,gray,ohio,Midwest,usa
492,17900,mercedes-benz,2015,clean vehicle,49772,gray,florida,South,usa
493,3800,nissan,2015,clean vehicle,83915,black,california,West,usa
494,3160,nissan,2017,clean vehicle,40306,silver,new jersey,Northeast,usa
495,1200,chevrolet,2001,clean vehicle,149543,red,wisconsin,Midwest,usa
496,6470,chevrolet,2010,clean vehicle,69622,yellow,florida,South,usa
497,26400,ford,2017,clean vehicle,36295,red,michigan,Midwest,usa
498,32500,gmc,2018,clean vehicle,14856,blue,pennsylvania,Northeast,usa
499,6900,honda,2017,clean vehicle,44129,brown,minnesota,Midwest,usa
500,11030,jeep,2019,clean vehicle,10861,yellow,michigan,Midwest,usa
501,3460,hyundai,2012,clean vehicle,142106,white,mississippi,South,usa
502,18000,mercedes-benz,2015,clean vehicle,82411,black,florida,South,usa
503,3250,hyundai,2015,clean vehicle,111612,gray,california,West,usa
504,3210,nissan,2017,clean vehicle,35251,gray,new jersey,Northeast,usa
505,13200,chevrolet,2017,clean vehicle,50408,black,pennsylvania,Northeast,usa
506,27705,ford,2019,clean vehicle,15630,gray,michigan,Midwest,usa
507,7200,chevrolet,2017,clean vehicle,53273,black,pennsylvania,Northeast,usa
508,28714,ford,2019,clean vehicle,14786,white,michigan,Midwest,usa
509,11200,chevrolet,2017,clean vehicle,85315,white,pennsylvania,Northeast,usa
510,27502,ford,2019,clean vehicle,16146,gray,michigan,Midwest,usa
511,11900,chevrolet,2017,clean vehicle,76211,blue,pennsylvania,Northeast,usa
512,29314,ford,2019,clean vehicle,15265,gray,michigan,Midwest,usa
513,11200,chevrolet,2017,clean vehicle,79965,silver,pennsylvania,Northeast,usa
514,27002,ford,2019,clean vehicle,16059,gray,michigan,Midwest,usa
515,13200,chevrolet,2017,clean vehicle,62739,black,pennsylvania,Northeast,usa
516,28214,ford,2019,clean vehicle,15569,white,michigan,Midwest,usa
517,12700,chevrolet,2017,clean vehicle,58932,black,pennsylvania,Northeast,usa
518,29900,ford,2019,clean vehicle,17488,white,michigan,Midwest,usa
519,12700,chevrolet,2017,clean vehicle,60733,black,pennsylvania,Northeast,usa
520,27202,ford,2019,clean vehicle,18550,red,michigan,Midwest,usa
521,13500,chevrolet,2018,clean vehicle,53194,white,new jersey,Northeast,usa
522,27705,ford,2019,clean vehicle,17644,silver,michigan,Midwest,usa
523,14700,chevrolet,2016,clean vehicle,34454,white,pennsylvania,Northeast,usa
524,29900,ford,2019,clean vehicle,17684,white,michigan,Midwest,usa
525,4500,chevrolet,2015,clean vehicle,83279,gray,pennsylvania,Northeast,usa
526,27705,ford,2019,clean vehicle,16600,silver,michigan,Midwest,usa
527,8000,chevrolet,2015,clean vehicle,107971,gray,pennsylvania,Northeast,usa
528,25511,ford,2019,clean vehicle,17801,silver,michigan,Midwest,usa
529,7700,chevrolet,2015,clean vehicle,94150,white,pennsylvania,Northeast,usa
530,29900,ford,2019,clean vehicle,17159,silver,michigan,Midwest,usa
531,7200,chevrolet,2015,clean vehicle,80711,white,pennsylvania,Northeast,usa
532,27502,ford,2019,clean vehicle,17983,red,michigan,Midwest,usa
533,4500,chevrolet,2013,clean vehicle,119981,white,pennsylvania,Northeast,usa
534,27402,ford,2019,clean vehicle,17851,white,michigan,Midwest,usa
535,1500,chevrolet,2013,clean vehicle,66079,black,pennsylvania,Northeast,usa
536,26602,ford,2019,clean vehicle,18174,white,michigan,Midwest,usa
537,10200,chevrolet,2019,clean vehicle,7654,black,illinois,Midwest,usa
538,29900,ford,2019,clean vehicle,18759,black,michigan,Midwest,usa
539,14000,chevrolet,2019,clean vehicle,11564,white,illinois,Midwest,usa
540,28500,ford,2019,clean vehicle,18901,silver,michigan,Midwest,usa
541,8000,chevrolet,2016,clean vehicle,86541,black,florida,South,usa
542,29809,ford,2019,clean vehicle,21157,silver,michigan,Midwest,usa
543,36900,chevrolet,2015,clean vehicle,29937,black,florida,South,usa
544,26902,ford,2019,clean vehicle,23964,white,michigan,Midwest,usa
545,10950,chevrolet,2015,clean vehicle,58504,red,florida,South,usa
546,27402,ford,2019,clean vehicle,20154,white,michigan,Midwest,usa
547,16900,acura,2014,clean vehicle,63500,silver,florida,South,usa
548,25600,ford,2019,clean vehicle,23294,silver,michigan,Midwest,usa
549,29700,bmw,2016,clean vehicle,24293,no_color,texas,South,usa
550,27702,ford,2019,clean vehicle,20343,red,michigan,Midwest,usa
551,13500,buick,2016,clean vehicle,19655,red,texas,South,usa
552,27102,ford,2019,clean vehicle,19100,white,michigan,Midwest,usa
553,27102,ford,2019,clean vehicle,20014,white,michigan,Midwest,usa
554,25811,ford,2019,clean vehicle,21774,black,michigan,Midwest,usa
555,26602,ford,2019,clean vehicle,21201,white,michigan,Midwest,usa
556,27102,ford,2019,clean vehicle,21766,white,michigan,Midwest,usa
557,37500,buick,2019,clean vehicle,12406,gray,wisconsin,Midwest,usa
558,26211,ford,2019,clean vehicle,17977,blue,michigan,Midwest,usa
559,24205,ford,2019,clean vehicle,22805,silver,michigan,Midwest,usa
560,37500,cadillac,2019,clean vehicle,16013,black,wisconsin,Midwest,usa
561,27111,ford,2019,clean vehicle,14382,black,michigan,Midwest,usa
562,27411,ford,2019,clean vehicle,9660,black,michigan,Midwest,usa
563,27302,ford,2019,clean vehicle,18969,black,michigan,Midwest,usa
564,27202,ford,2019,clean vehicle,24730,gray,michigan,Midwest,usa
565,26311,ford,2019,clean vehicle,15847,red,michigan,Midwest,usa
566,26602,ford,2019,clean vehicle,25009,white,michigan,Midwest,usa
567,33500,bmw,2017,clean vehicle,22115,blue,wisconsin,Midwest,usa
568,27511,ford,2019,clean vehicle,11836,white,michigan,Midwest,usa
569,21500,buick,2017,clean vehicle,23765,red,wisconsin,Midwest,usa
570,27200,ford,2019,clean vehicle,25508,silver,michigan,Midwest,usa
571,26511,ford,2019,clean vehicle,18196,red,michigan,Midwest,usa
572,24002,ford,2019,clean vehicle,16106,gray,michigan,Midwest,usa
573,21500,buick,2017,clean vehicle,14907,silver,wisconsin,Midwest,usa
574,18511,ford,2019,clean vehicle,12735,gray,michigan,Midwest,usa
575,14000,kia,2017,clean vehicle,53424,black,connecticut,Northeast,usa
576,29000,buick,2017,clean vehicle,17940,green,illinois,Midwest,usa
577,23402,ford,2019,clean vehicle,17417,gray,michigan,Midwest,usa
578,13300,kia,2017,clean vehicle,37125,no_color,connecticut,Northeast,usa
579,19700,bmw,2017,clean vehicle,61428,black,wisconsin,Midwest,usa
580,23211,ford,2019,clean vehicle,17025,black,michigan,Midwest,usa
581,15500,kia,2017,clean vehicle,37668,red,connecticut,Northeast,usa
582,18111,ford,2019,clean vehicle,15805,black,michigan,Midwest,usa
583,21500,kia,2017,clean vehicle,43761,gray,connecticut,Northeast,usa
584,25511,ford,2019,clean vehicle,11342,gray,michigan,Midwest,usa
585,17700,chevrolet,2017,clean vehicle,35664,blue,wisconsin,Midwest,usa
586,28000,chevrolet,2017,clean vehicle,12780,white,illinois,Midwest,usa
587,14000,chevrolet,2017,clean vehicle,38458,blue,wisconsin,Midwest,usa
588,21700,chevrolet,2017,clean vehicle,34420,silver,wisconsin,Midwest,usa
589,13500,chevrolet,2017,clean vehicle,46497,white,wisconsin,Midwest,usa
590,35500,chevrolet,2017,clean vehicle,21268,no_color,wisconsin,Midwest,usa
591,29500,chevrolet,2017,clean vehicle,31029,red,wisconsin,Midwest,usa
592,25300,chevrolet,2017,clean vehicle,40878,no_color,wisconsin,Midwest,usa
593,21500,chevrolet,2016,clean vehicle,20270,silver,new jersey,Northeast,usa
594,25900,chevrolet,2016,clean vehicle,32984,blue,wisconsin,Midwest,usa
595,35300,chevrolet,2016,clean vehicle,75506,black,wisconsin,Midwest,usa
596,13500,chevrolet,2016,clean vehicle,39951,red,wisconsin,Midwest,usa
597,62000,chevrolet,2016,clean vehicle,19403,white,illinois,Midwest,usa
598,46000,chevrolet,2016,clean vehicle,4445,black,illinois,Midwest,usa
599,9000,chevrolet,2016,clean vehicle,67527,gray,wisconsin,Midwest,usa
600,25900,chevrolet,2016,clean vehicle,33588,white,wisconsin,Midwest,usa
601,25800,chevrolet,2016,clean vehicle,10103,no_color,wisconsin,Midwest,usa
602,17000,chevrolet,2016,clean vehicle,26474,gray,wisconsin,Midwest,usa
603,12800,chevrolet,2016,clean vehicle,40253,white,wisconsin,Midwest,usa
604,47400,chevrolet,2016,clean vehicle,39624,red,wisconsin,Midwest,usa
605,24400,chevrolet,2016,clean vehicle,48705,gray,wisconsin,Midwest,usa
606,17100,chevrolet,2016,clean vehicle,19659,white,wisconsin,Midwest,usa
607,7400,chevrolet,2015,clean vehicle,91299,no_color,wisconsin,Midwest,usa
608,33100,chevrolet,2015,clean vehicle,81614,gold,wisconsin,Midwest,usa
609,22000,chevrolet,2020,clean vehicle,179,gray,california,West,usa
610,35000,chevrolet,2019,clean vehicle,5523,no_color,california,West,usa
611,16500,chevrolet,2019,clean vehicle,29841,silver,california,West,usa
612,35300,chevrolet,2019,clean vehicle,8516,silver,california,West,usa
613,11600,chevrolet,2017,clean vehicle,27498,black,california,West,usa
614,28100,chevrolet,2017,clean vehicle,31141,silver,california,West,usa
615,27700,chevrolet,2017,clean vehicle,20784,white,california,West,usa
616,17700,chevrolet,2017,clean vehicle,52667,white,california,West,usa
617,16600,chevrolet,2017,clean vehicle,26003,no_color,california,West,usa
618,63200,chevrolet,2016,clean vehicle,4266,red,california,West,usa
619,36800,chevrolet,2015,clean vehicle,32332,white,california,West,usa
620,19500,chevrolet,2018,clean vehicle,44333,white,texas,South,usa
621,38800,chevrolet,2019,clean vehicle,36198,blue,oklahoma,South,usa
622,37500,chevrolet,2019,clean vehicle,33331,silver,oklahoma,South,usa
623,35000,chevrolet,2019,clean vehicle,43082,gray,oklahoma,South,usa
624,31100,chevrolet,2019,clean vehicle,24561,gray,oklahoma,South,usa
625,22600,chevrolet,2019,clean vehicle,13485,white,oklahoma,South,usa
626,22400,chevrolet,2019,clean vehicle,15524,white,oklahoma,South,usa
627,22700,chevrolet,2019,clean vehicle,8996,white,oklahoma,South,usa
628,13700,chevrolet,2019,clean vehicle,47282,silver,oklahoma,South,usa
629,37100,chevrolet,2019,clean vehicle,34470,black,oklahoma,South,usa
630,18500,chevrolet,2018,clean vehicle,87264,green,oregon,West,usa
631,18300,chevrolet,2017,clean vehicle,114344,white,oregon,West,usa
632,19000,chevrolet,2017,clean vehicle,111635,white,oregon,West,usa
633,18500,chevrolet,2017,clean vehicle,103955,white,oregon,West,usa
634,22500,chevrolet,2016,clean vehicle,66640,white,oregon,West,usa
635,14500,chevrolet,2014,clean vehicle,122018,white,oregon,West,usa
636,32800,chevrolet,2018,clean vehicle,46915,gray,oklahoma,South,usa
637,12300,chevrolet,2018,clean vehicle,53599,black,oklahoma,South,usa
638,19600,chevrolet,2018,clean vehicle,41672,gray,oklahoma,South,usa
639,13600,chevrolet,2018,clean vehicle,36047,white,oklahoma,South,usa
640,7200,chevrolet,2018,clean vehicle,42561,red,oklahoma,South,usa
641,19900,chevrolet,2018,clean vehicle,40345,white,oklahoma,South,usa
642,13000,chevrolet,2018,clean vehicle,41751,gray,oklahoma,South,usa
643,19700,chevrolet,2016,clean vehicle,27593,white,oklahoma,South,usa
644,9400,chevrolet,2017,clean vehicle,24009,blue,oklahoma,South,usa
645,23800,chevrolet,2017,clean vehicle,85697,white,oklahoma,South,usa
646,17700,chevrolet,2019,clean vehicle,25223,white,new york,Northeast,usa
647,17000,chevrolet,2015,clean vehicle,27927,white,oklahoma,South,usa
648,14000,chevrolet,2014,clean vehicle,135127,red,florida,South,usa
649,32100,chevrolet,2018,clean vehicle,55532,white,pennsylvania,Northeast,usa
650,33100,chevrolet,2019,clean vehicle,72172,white,pennsylvania,Northeast,usa
651,31600,chevrolet,2018,clean vehicle,57751,white,pennsylvania,Northeast,usa
652,5100,chevrolet,2013,clean vehicle,96314,gray,pennsylvania,Northeast,usa
653,4100,chevrolet,2013,clean vehicle,89152,blue,pennsylvania,Northeast,usa
654,7200,chevrolet,2014,clean vehicle,114660,silver,texas,South,usa
655,12800,chevrolet,2014,clean vehicle,177322,white,texas,South,usa
656,46800,chevrolet,2019,clean vehicle,36423,gray,nebraska,Midwest,usa
657,21800,chevrolet,2019,clean vehicle,23759,white,missouri,Midwest,usa
658,3000,chevrolet,2013,clean vehicle,120667,gray,texas,South,usa
659,22500,chevrolet,2017,clean vehicle,65344,red,indiana,Midwest,usa
660,35300,chevrolet,2018,clean vehicle,51347,black,missouri,Midwest,usa
661,16500,chevrolet,2017,clean vehicle,52322,black,oklahoma,South,usa
662,33000,chevrolet,2017,clean vehicle,67620,black,missouri,Midwest,usa
663,31500,chevrolet,2017,clean vehicle,59965,black,missouri,Midwest,usa
664,34500,chevrolet,2017,clean vehicle,28739,silver,missouri,Midwest,usa
665,8000,chevrolet,2016,clean vehicle,77429,silver,west virginia,South,usa
666,25000,chevrolet,2017,clean vehicle,20847,white,west virginia,South,usa
667,10700,chevrolet,2016,clean vehicle,44280,red,west virginia,South,usa
668,13400,chevrolet,2016,clean vehicle,86031,silver,west virginia,South,usa
669,16500,chevrolet,2019,clean vehicle,7622,gold,west virginia,South,usa
670,34000,chevrolet,2019,clean vehicle,8067,white,west virginia,South,usa
671,14100,chevrolet,2018,clean vehicle,16502,white,west virginia,South,usa
672,38600,chevrolet,2019,clean vehicle,20681,black,west virginia,South,usa
673,9100,chevrolet,2016,clean vehicle,54655,blue,missouri,Midwest,usa
674,8600,chevrolet,2016,clean vehicle,57825,blue,missouri,Midwest,usa
675,22000,chevrolet,2016,clean vehicle,58856,white,oklahoma,South,usa
676,8900,chevrolet,2015,clean vehicle,85072,white,west virginia,South,usa
677,15500,chevrolet,2015,clean vehicle,79506,red,west virginia,South,usa
678,3300,chevrolet,2015,clean vehicle,85301,silver,west virginia,South,usa
679,29000,chevrolet,2015,clean vehicle,69377,brown,missouri,Midwest,usa
680,17300,chevrolet,2020,clean vehicle,15577,black,nevada,West,usa
681,30500,chevrolet,2020,clean vehicle,23470,silver,nevada,West,usa
682,25000,chevrolet,2020,clean vehicle,18715,silver,nevada,West,usa
683,2800,chevrolet,2012,clean vehicle,61258,white,illinois,Midwest,usa
684,3300,chevrolet,2012,clean vehicle,131791,no_color,illinois,Midwest,usa
685,36400,chevrolet,2019,clean vehicle,35705,silver,nevada,West,usa
686,34800,chevrolet,2019,clean vehicle,48982,silver,nevada,West,usa
687,20700,chevrolet,2019,clean vehicle,33745,white,nevada,West,usa
688,32200,chevrolet,2019,clean vehicle,42267,silver,nevada,West,usa
689,35300,chevrolet,2019,clean vehicle,46863,black,nevada,West,usa
690,33500,chevrolet,2019,clean vehicle,36443,white,nevada,West,usa
691,13700,chevrolet,2019,clean vehicle,14939,blue,nevada,West,usa
692,15900,chevrolet,2019,clean vehicle,22026,black,nevada,West,usa
693,33200,chevrolet,2019,clean vehicle,38278,black,nevada,West,usa
694,35500,chevrolet,2019,clean vehicle,46149,silver,nevada,West,usa
695,29800,chevrolet,2018,clean vehicle,48427,silver,nevada,West,usa
696,29800,chevrolet,2018,clean vehicle,48807,gray,nevada,West,usa
697,29500,chevrolet,2018,clean vehicle,52618,silver,nevada,West,usa
698,30300,chevrolet,2018,clean vehicle,46494,white,nevada,West,usa
699,24300,chevrolet,2018,clean vehicle,56296,black,new york,Northeast,usa
700,29800,chevrolet,2017,clean vehicle,33909,silver,nevada,West,usa
701,29800,chevrolet,2017,clean vehicle,33028,white,nevada,West,usa
702,27500,chevrolet,2016,clean vehicle,44653,white,nevada,West,usa
703,10800,chevrolet,2017,clean vehicle,80516,gray,new jersey,Northeast,usa
704,11500,chevrolet,2017,clean vehicle,105151,white,new jersey,Northeast,usa
705,10400,chevrolet,2017,clean vehicle,78368,white,new jersey,Northeast,usa
706,11400,chevrolet,2018,clean vehicle,78956,white,florida,South,usa
707,11400,chevrolet,2018,clean vehicle,88564,white,florida,South,usa
708,8000,chevrolet,2015,clean vehicle,78800,white,nevada,West,usa
709,3000,chevrolet,2012,clean vehicle,111856,white,california,West,usa
710,25000,chevrolet,2015,clean vehicle,80946,black,nevada,West,usa
711,12300,chevrolet,2017,clean vehicle,83168,gray,new york,Northeast,usa
712,14100,chevrolet,2017,clean vehicle,58606,white,new york,Northeast,usa
713,9000,chevrolet,2014,clean vehicle,82020,white,nevada,West,usa
714,4200,chevrolet,2014,clean vehicle,102500,black,nevada,West,usa
715,22500,chevrolet,2019,clean vehicle,8150,white,texas,South,usa
716,22600,chevrolet,2019,clean vehicle,6159,white,texas,South,usa
717,22600,chevrolet,2019,clean vehicle,5938,white,texas,South,usa
718,22500,chevrolet,2019,clean vehicle,9019,white,texas,South,usa
719,10200,chevrolet,2018,clean vehicle,45836,white,texas,South,usa
720,42700,chevrolet,2016,clean vehicle,60215,white,texas,South,usa
721,21200,chevrolet,2015,clean vehicle,125507,white,texas,South,usa
722,22700,chevrolet,2016,clean vehicle,90944,white,texas,South,usa
723,22000,chevrolet,2015,clean vehicle,82785,gray,texas,South,usa
724,9600,chevrolet,2014,clean vehicle,150525,white,texas,South,usa
725,10500,chevrolet,2013,clean vehicle,112267,silver,texas,South,usa
726,6700,chevrolet,2013,clean vehicle,139394,white,texas,South,usa
727,14200,chevrolet,2013,clean vehicle,82543,black,texas,South,usa
728,15500,chevrolet,2019,clean vehicle,13532,white,florida,South,usa
729,35100,chevrolet,2018,clean vehicle,14751,blue,kansas,Midwest,usa
730,26300,chevrolet,2018,clean vehicle,11150,gray,kansas,Midwest,usa
731,15700,chevrolet,2016,clean vehicle,91248,white,new jersey,Northeast,usa
732,17600,chevrolet,2016,clean vehicle,65336,white,new jersey,Northeast,usa
733,18600,chevrolet,2016,clean vehicle,48974,white,new jersey,Northeast,usa
734,19100,chevrolet,2016,clean vehicle,40011,white,new jersey,Northeast,usa
735,15200,chevrolet,2019,clean vehicle,37444,black,north carolina,South,usa
736,16100,chevrolet,2019,clean vehicle,43199,white,north carolina,South,usa
737,14800,chevrolet,2019,clean vehicle,43589,charcoal,north carolina,South,usa
738,16700,chevrolet,2019,clean vehicle,32870,charcoal,north carolina,South,usa
739,15300,chevrolet,2019,clean vehicle,38826,charcoal,north carolina,South,usa
740,16500,chevrolet,2019,clean vehicle,33739,charcoal,north carolina,South,usa
741,19600,chevrolet,2019,clean vehicle,35309,white,north carolina,South,usa
742,15200,chevrolet,2019,clean vehicle,32248,red,north carolina,South,usa
743,15000,chevrolet,2019,clean vehicle,36165,silver,north carolina,South,usa
744,15500,chevrolet,2019,clean vehicle,29922,charcoal,north carolina,South,usa
745,15700,chevrolet,2019,clean vehicle,26848,silver,north carolina,South,usa
746,14800,chevrolet,2019,clean vehicle,41163,charcoal,north carolina,South,usa
747,9200,chevrolet,2017,clean vehicle,32856,red,north carolina,South,usa
748,8200,chevrolet,2017,clean vehicle,100315,black,north carolina,South,usa
749,11400,chevrolet,2013,clean vehicle,91638,silver,new jersey,Northeast,usa
750,6500,chevrolet,2015,clean vehicle,83173,white,north carolina,South,usa
751,11500,chevrolet,2014,clean vehicle,94356,gray,north carolina,South,usa
752,23800,chevrolet,2015,clean vehicle,85792,black,florida,South,usa
753,8900,chevrolet,2014,clean vehicle,129068,white,florida,South,usa
754,28300,chevrolet,2019,clean vehicle,27665,red,indiana,Midwest,usa
755,27300,chevrolet,2019,clean vehicle,25427,black,indiana,Midwest,usa
756,3500,chevrolet,2013,clean vehicle,78198,gray,new jersey,Northeast,usa
757,28300,chevrolet,2020,clean vehicle,13886,silver,indiana,Midwest,usa
758,18300,chevrolet,2019,clean vehicle,34538,silver,indiana,Midwest,usa
759,22500,dodge,2018,clean vehicle,20575,silver,wisconsin,Midwest,usa
760,22500,dodge,2018,clean vehicle,26026,gray,wisconsin,Midwest,usa
761,8300,dodge,2012,clean vehicle,99015,gray,wisconsin,Midwest,usa
762,16500,dodge,2019,clean vehicle,27327,gray,nebraska,Midwest,usa
763,14500,dodge,2019,clean vehicle,30229,silver,nebraska,Midwest,usa
764,30000,dodge,2019,clean vehicle,43294,white,ontario,Canada,canada
765,30000,dodge,2019,clean vehicle,54309,orange,ontario,Canada,canada
766,30000,dodge,2019,clean vehicle,52822,white,ontario,Canada,canada
767,30000,dodge,2019,clean vehicle,45554,white,ontario,Canada,canada
768,30000,dodge,2019,clean vehicle,37538,white,ontario,Canada,canada
769,29500,dodge,2019,clean vehicle,35153,red,ontario,Canada,canada
770,21600,dodge,2019,clean vehicle,23783,white,washington,West,usa
771,22600,dodge,2019,clean vehicle,30759,black,washington,West,usa
772,16300,dodge,2019,clean vehicle,38922,gray,washington,West,usa
773,8600,dodge,2012,clean vehicle,165836,blue,washington,West,usa
774,28800,dodge,2019,clean vehicle,19235,no_color,texas,South,usa
775,22100,dodge,2019,clean vehicle,9445,gray,texas,South,usa
776,14300,dodge,2018,clean vehicle,19164,gray,north carolina,South,usa
777,13700,dodge,2018,clean vehicle,54106,white,north carolina,South,usa
778,29500,dodge,2017,clean vehicle,32051,no_color,arizona,West,usa
779,18500,dodge,2017,clean vehicle,14870,gray,texas,South,usa
780,19000,dodge,2016,clean vehicle,32294,blue,colorado,West,usa
781,43400,dodge,2015,clean vehicle,7250,white,arizona,West,usa
782,46000,dodge,2015,clean vehicle,10145,no_color,arizona,West,usa
783,12500,dodge,2018,clean vehicle,59924,silver,texas,South,usa
784,13900,dodge,2017,clean vehicle,21304,black,florida,South,usa
785,13000,dodge,2018,clean vehicle,52079,white,california,West,usa
786,13000,dodge,2018,clean vehicle,54960,white,california,West,usa
787,3000,dodge,2013,clean vehicle,80099,white,texas,South,usa
788,17500,dodge,2019,clean vehicle,23987,black,florida,South,usa
789,7900,dodge,2017,clean vehicle,84144,gray,california,West,usa
790,8900,dodge,2014,clean vehicle,85639,blue,florida,South,usa
791,11500,dodge,2018,clean vehicle,50193,no_color,pennsylvania,Northeast,usa
792,6500,dodge,2017,clean vehicle,74392,black,pennsylvania,Northeast,usa
793,8000,dodge,2017,clean vehicle,76117,black,pennsylvania,Northeast,usa
794,18700,dodge,2018,clean vehicle,36358,gray,new jersey,Northeast,usa
795,8350,dodge,2017,clean vehicle,90685,white,florida,South,usa
796,27900,dodge,2017,clean vehicle,54141,orange,florida,South,usa
797,14500,dodge,2016,clean vehicle,82240,white,pennsylvania,Northeast,usa
798,6200,dodge,2016,clean vehicle,66167,silver,pennsylvania,Northeast,usa
799,7500,dodge,2012,clean vehicle,144220,gray,pennsylvania,Northeast,usa
800,20200,dodge,2019,clean vehicle,24722,black,illinois,Midwest,usa
801,29300,dodge,2019,clean vehicle,41198,silver,illinois,Midwest,usa
802,31000,dodge,2019,clean vehicle,26353,black,illinois,Midwest,usa
803,32400,dodge,2019,clean vehicle,28280,white,illinois,Midwest,usa
804,5800,dodge,2012,clean vehicle,130120,white,minnesota,Midwest,usa
805,21500,dodge,2019,clean vehicle,15340,black,texas,South,usa
806,23100,dodge,2018,clean vehicle,12265,silver,michigan,Midwest,usa
807,4500,dodge,2014,clean vehicle,94872,gray,texas,South,usa
808,24800,dodge,2018,clean vehicle,17946,silver,michigan,Midwest,usa
809,23000,dodge,2018,clean vehicle,26996,gray,michigan,Midwest,usa
810,26900,dodge,2019,clean vehicle,5775,gray,wisconsin,Midwest,usa
811,21500,dodge,2018,clean vehicle,6748,gray,wisconsin,Midwest,usa
812,15700,dodge,2018,clean vehicle,38128,white,wisconsin,Midwest,usa
813,15200,dodge,2018,clean vehicle,41636,silver,wisconsin,Midwest,usa
814,23300,dodge,2018,clean vehicle,5359,blue,wisconsin,Midwest,usa
815,6100,dodge,2015,clean vehicle,70296,white,minnesota,Midwest,usa
816,20000,dodge,2017,clean vehicle,11346,green,wisconsin,Midwest,usa
817,53000,dodge,2017,clean vehicle,7415,no_color,illinois,Midwest,usa
818,3000,dodge,2013,clean vehicle,107593,orange,minnesota,Midwest,usa
819,18200,dodge,2016,clean vehicle,50639,black,new jersey,Northeast,usa
820,21800,dodge,2019,clean vehicle,6530,gray,arizona,West,usa
821,52000,dodge,2016,clean vehicle,17432,blue,illinois,Midwest,usa
822,19000,dodge,2019,clean vehicle,19636,black,arizona,West,usa
823,25000,dodge,2016,clean vehicle,41748,no_color,illinois,Midwest,usa
824,36000,dodge,2016,clean vehicle,13162,red,illinois,Midwest,usa
825,17000,dodge,2019,clean vehicle,32937,white,georgia,South,usa
826,25300,dodge,2015,clean vehicle,23095,red,wisconsin,Midwest,usa
827,14900,dodge,2017,clean vehicle,34432,gray,wisconsin,Midwest,usa
828,15000,dodge,2017,clean vehicle,48162,no_color,wisconsin,Midwest,usa
829,12995,dodge,2014,clean vehicle,68310,gray,massachusetts,Northeast,usa
830,17750,dodge,2014,clean vehicle,48000,black,massachusetts,Northeast,usa
831,10295,dodge,2014,clean vehicle,105962,black,pennsylvania,Northeast,usa
832,16995,dodge,2014,clean vehicle,96575,gray,connecticut,Northeast,usa
833,25000,dodge,2014,clean vehicle,13239,toreador red,new york,Northeast,usa
834,23995,dodge,2014,clean vehicle,24934,bright white clearcoat,rhode island,Northeast,usa
835,14900,dodge,2014,clean vehicle,46859,billet silver metallic clearcoat,new jersey,Northeast,usa
836,15810,dodge,2014,clean vehicle,44468,black clearcoat,new york,Northeast,usa
837,20227,dodge,2014,clean vehicle,62230,jazz blue pearlcoat,new york,Northeast,usa
838,20999,dodge,2014,clean vehicle,37082,silver,new york,Northeast,usa
839,22499,dodge,2014,clean vehicle,23964,bright white clearcoat,new jersey,Northeast,usa
840,23495,dodge,2014,clean vehicle,11204,black clearcoat,new york,Northeast,usa
841,25250,dodge,2014,clean vehicle,7608,billet silver metallic clearcoat,new york,Northeast,usa
842,15322,dodge,2014,clean vehicle,49982,billet silver metallic clearcoat,new jersey,Northeast,usa
843,21232,dodge,2019,clean vehicle,4950,gray,texas,South,usa
844,5800,dodge,2013,clean vehicle,111628,white,wisconsin,Midwest,usa
845,29000,dodge,2012,clean vehicle,15927,black,illinois,Midwest,usa
846,17000,dodge,2018,clean vehicle,36299,gray,new jersey,Northeast,usa
847,13800,dodge,2018,clean vehicle,28469,red,florida,South,usa
848,30000,dodge,2019,clean vehicle,29086,gray,missouri,Midwest,usa
849,14800,dodge,2017,clean vehicle,35991,gray,florida,South,usa
850,8500,dodge,2017,clean vehicle,62224,black,missouri,Midwest,usa
851,9800,dodge,2013,clean vehicle,86500,white,missouri,Midwest,usa
852,4200,dodge,2014,clean vehicle,144725,gray,nevada,West,usa
853,2500,dodge,2013,salvage insurance,163260,red,tennessee,South,usa
854,28700,dodge,2018,clean vehicle,19636,blue,california,West,usa
855,18500,dodge,2018,clean vehicle,34272,gray,california,West,usa
856,17300,dodge,2018,clean vehicle,42909,no_color,california,West,usa
857,7100,dodge,2016,clean vehicle,55749,gray,louisiana,South,usa
858,3250,dodge,2015,salvage insurance,89142,white,minnesota,Midwest,usa
859,30700,dodge,2017,clean vehicle,20328,no_color,california,West,usa
860,3000,dodge,2012,clean vehicle,149332,gray,missouri,Midwest,usa
861,26500,dodge,2019,clean vehicle,28551,gray,california,West,usa
862,20800,dodge,2019,clean vehicle,35098,gray,california,West,usa
863,20800,dodge,2019,clean vehicle,35365,gray,california,West,usa
864,5100,dodge,2015,clean vehicle,88398,white,california,West,usa
865,18900,dodge,2019,clean vehicle,27957,black,california,West,usa
866,24000,dodge,2019,clean vehicle,30161,silver,california,West,usa
867,38800,dodge,2015,clean vehicle,26292,white,california,West,usa
868,24500,dodge,2019,clean vehicle,25780,white,california,West,usa
869,24500,dodge,2019,clean vehicle,25032,black,california,West,usa
870,6500,dodge,2016,clean vehicle,72248,blue,new jersey,Northeast,usa
871,24000,dodge,2019,clean vehicle,30630,gray,california,West,usa
872,18000,dodge,2014,clean vehicle,86125,no_color,california,West,usa
873,24000,dodge,2019,clean vehicle,30408,white,california,West,usa
874,23500,dodge,2019,clean vehicle,35443,silver,california,West,usa
875,4500,dodge,2014,clean vehicle,95377,white,california,West,usa
876,25900,dodge,2019,clean vehicle,32724,silver,california,West,usa
877,13900,dodge,2019,clean vehicle,45089,gray,california,West,usa
878,14200,dodge,2019,clean vehicle,35948,silver,california,West,usa
879,15400,dodge,2019,clean vehicle,41601,blue,california,West,usa
880,17500,dodge,2019,clean vehicle,26370,gray,texas,South,usa
881,17500,dodge,2019,clean vehicle,18271,white,texas,South,usa
882,18000,dodge,2019,clean vehicle,9476,white,texas,South,usa
883,25200,dodge,2012,clean vehicle,80899,gray,new jersey,Northeast,usa
884,14100,dodge,2018,clean vehicle,57394,black,texas,South,usa
885,13300,dodge,2018,clean vehicle,42190,white,california,West,usa
886,16200,dodge,2019,clean vehicle,22591,black,oklahoma,South,usa
887,13300,dodge,2018,clean vehicle,48681,gray,california,West,usa
888,13100,dodge,2018,clean vehicle,42621,silver,california,West,usa
889,15500,dodge,2017,clean vehicle,27761,silver,california,West,usa
890,4500,dodge,2013,salvage insurance,107768,white,california,West,usa
891,28400,dodge,2019,clean vehicle,14355,gray,colorado,West,usa
892,17400,dodge,2019,clean vehicle,9467,gray,colorado,West,usa
893,6000,dodge,2014,clean vehicle,122837,silver,florida,South,usa
894,20700,dodge,2019,clean vehicle,18313,gray,virginia,South,usa
895,20300,dodge,2019,clean vehicle,19506,black,virginia,South,usa
896,14000,dodge,2018,clean vehicle,14750,black,oklahoma,South,usa
897,22000,dodge,2019,clean vehicle,11280,green,virginia,South,usa
898,17200,dodge,2019,clean vehicle,13944,blue,virginia,South,usa
899,15000,dodge,2016,clean vehicle,26922,blue,oklahoma,South,usa
900,17500,dodge,2019,clean vehicle,12690,gray,virginia,South,usa
901,1300,dodge,2013,salvage insurance,239822,gray,michigan,Midwest,usa
902,1750,dodge,2014,salvage insurance,74975,red,nevada,West,usa
903,16300,dodge,2019,clean vehicle,28289,red,florida,South,usa
904,15700,dodge,2019,clean vehicle,38041,red,florida,South,usa
905,10000,dodge,2017,clean vehicle,52386,silver,florida,South,usa
906,23100,dodge,2019,clean vehicle,34391,white,florida,South,usa
907,14900,dodge,2019,clean vehicle,39515,red,florida,South,usa
908,16700,dodge,2019,clean vehicle,22074,orange,virginia,South,usa
909,16300,dodge,2019,clean vehicle,28782,white,florida,South,usa
910,25800,dodge,2019,clean vehicle,30092,red,north carolina,South,usa
911,23800,dodge,2019,clean vehicle,26443,black,north carolina,South,usa
912,16800,dodge,2019,clean vehicle,28981,red,north carolina,South,usa
913,15500,dodge,2019,clean vehicle,32865,white,north carolina,South,usa
914,6000,dodge,2014,clean vehicle,117258,blue,florida,South,usa
915,26900,dodge,2019,clean vehicle,16397,white,arizona,West,usa
916,16900,dodge,2019,clean vehicle,16176,white,arizona,West,usa
917,19500,dodge,2019,clean vehicle,1091,gray,arizona,West,usa
918,15400,dodge,2019,clean vehicle,17472,black,arizona,West,usa
919,2300,dodge,2012,clean vehicle,123882,white,texas,South,usa
920,17000,dodge,2019,clean vehicle,10341,red,california,West,usa
921,34000,dodge,2019,clean vehicle,19695,black,new jersey,Northeast,usa
922,13700,dodge,2017,clean vehicle,51041,black,pennsylvania,Northeast,usa
923,19100,dodge,2018,clean vehicle,22646,white,west virginia,South,usa
924,11800,dodge,2018,clean vehicle,18138,white,west virginia,South,usa
925,27500,dodge,2019,clean vehicle,23987,gray,nevada,West,usa
926,26900,dodge,2019,clean vehicle,17160,black,nevada,West,usa
927,27100,dodge,2019,clean vehicle,26929,white,nevada,West,usa
928,27200,dodge,2019,clean vehicle,25815,white,nevada,West,usa
929,9000,dodge,2017,clean vehicle,81992,silver,florida,South,usa
930,22500,dodge,2019,clean vehicle,5000,gray,south carolina,South,usa
931,7700,dodge,2015,clean vehicle,62683,white,west virginia,South,usa
932,4500,dodge,2013,clean vehicle,107224,white,florida,South,usa
933,2200,dodge,2013,salvage insurance,184905,gray,illinois,Midwest,usa
934,21500,dodge,2019,clean vehicle,35153,black,pennsylvania,Northeast,usa
935,18800,dodge,2019,clean vehicle,26474,orange,pennsylvania,Northeast,usa
936,21800,dodge,2019,clean vehicle,30943,red,pennsylvania,Northeast,usa
937,20300,dodge,2019,clean vehicle,17154,black,pennsylvania,Northeast,usa
938,8200,dodge,2016,clean vehicle,79637,white,south carolina,South,usa
939,19000,dodge,2019,clean vehicle,12123,red,pennsylvania,Northeast,usa
940,8400,dodge,2016,clean vehicle,107822,blue,south carolina,South,usa
941,19500,dodge,2019,clean vehicle,10221,blue,pennsylvania,Northeast,usa
942,7000,dodge,2015,clean vehicle,95278,blue,south carolina,South,usa
943,19500,dodge,2019,clean vehicle,13457,gray,pennsylvania,Northeast,usa
944,8500,dodge,2014,clean vehicle,69936,blue,missouri,Midwest,usa
945,20500,dodge,2019,clean vehicle,13520,gray,pennsylvania,Northeast,usa
946,4900,dodge,2014,clean vehicle,96922,silver,south carolina,South,usa
947,20800,dodge,2014,clean vehicle,72594,black,missouri,Midwest,usa
948,28500,dodge,2019,clean vehicle,17896,silver,pennsylvania,Northeast,usa
949,21900,dodge,2019,clean vehicle,11088,silver,pennsylvania,Northeast,usa
950,15800,dodge,2019,clean vehicle,29567,black,nevada,West,usa
951,33000,dodge,2019,clean vehicle,15655,white,colorado,West,usa
952,22700,dodge,2019,clean vehicle,26428,black,nevada,West,usa
953,21900,dodge,2019,clean vehicle,29003,white,pennsylvania,Northeast,usa
954,19300,dodge,2019,clean vehicle,32229,red,pennsylvania,Northeast,usa
955,30700,dodge,2019,clean vehicle,26503,black,nevada,West,usa
956,19300,dodge,2019,clean vehicle,15446,black,pennsylvania,Northeast,usa
957,13750,dodge,2014,clean vehicle,128556,white,california,West,usa
958,16400,dodge,2019,clean vehicle,23369,silver,nevada,West,usa
959,19500,dodge,2019,clean vehicle,8767,black,pennsylvania,Northeast,usa
960,15100,dodge,2019,clean vehicle,48319,white,nevada,West,usa
961,28500,dodge,2019,clean vehicle,15275,black,pennsylvania,Northeast,usa
962,15300,dodge,2019,clean vehicle,33826,white,nevada,West,usa
963,20300,dodge,2019,clean vehicle,16679,white,pennsylvania,Northeast,usa
964,22000,dodge,2019,clean vehicle,26184,gray,pennsylvania,Northeast,usa
965,16700,dodge,2019,clean vehicle,21203,gray,nevada,West,usa
966,19300,dodge,2019,clean vehicle,17870,black,pennsylvania,Northeast,usa
967,34100,dodge,2019,clean vehicle,17909,gray,michigan,Midwest,usa
968,14600,dodge,2019,clean vehicle,41126,silver,nevada,West,usa
969,18200,dodge,2019,clean vehicle,14098,red,pennsylvania,Northeast,usa
970,33800,dodge,2019,clean vehicle,15003,black,michigan,Midwest,usa
971,15900,dodge,2019,clean vehicle,29105,black,nevada,West,usa
972,16500,dodge,2019,clean vehicle,34794,black,pennsylvania,Northeast,usa
973,29600,dodge,2019,clean vehicle,20034,silver,michigan,Midwest,usa
974,14100,dodge,2019,clean vehicle,46942,black,nevada,West,usa
975,18200,dodge,2019,clean vehicle,14753,white,pennsylvania,Northeast,usa
976,18200,dodge,2019,clean vehicle,14359,black,pennsylvania,Northeast,usa
977,24300,dodge,2019,clean vehicle,34922,black,michigan,Midwest,usa
978,15400,dodge,2019,clean vehicle,20944,white,nevada,West,usa
979,19000,dodge,2019,clean vehicle,9877,white,pennsylvania,Northeast,usa
980,19000,dodge,2019,clean vehicle,8949,black,pennsylvania,Northeast,usa
981,27800,dodge,2017,clean vehicle,13627,gray,georgia,South,usa
982,18200,dodge,2019,clean vehicle,18291,blue,pennsylvania,Northeast,usa
983,15000,dodge,2018,clean vehicle,38029,white,pennsylvania,Northeast,usa
984,19200,dodge,2017,clean vehicle,32593,gray,michigan,Midwest,usa
985,15500,dodge,2018,clean vehicle,37352,red,pennsylvania,Northeast,usa
986,24900,dodge,2017,clean vehicle,23030,green,michigan,Midwest,usa
987,15500,dodge,2018,clean vehicle,30671,red,pennsylvania,Northeast,usa
988,7600,dodge,2012,salvage insurance,79544,white,texas,South,usa
989,18400,dodge,2017,clean vehicle,15027,black,michigan,Midwest,usa
990,14700,dodge,2018,clean vehicle,29115,white,florida,South,usa
991,3900,dodge,2015,clean vehicle,93604,white,florida,South,usa
992,5200,dodge,2015,clean vehicle,100203,black,florida,South,usa
993,17200,dodge,2019,clean vehicle,35401,silver,minnesota,Midwest,usa
994,18700,dodge,2019,clean vehicle,20279,red,minnesota,Midwest,usa
995,32000,dodge,2019,clean vehicle,26090,red,minnesota,Midwest,usa
996,14500,dodge,2015,clean vehicle,107924,white,michigan,Midwest,usa
997,19400,dodge,2019,clean vehicle,14906,black,minnesota,Midwest,usa
998,17300,dodge,2019,clean vehicle,34407,black,minnesota,Midwest,usa
999,16700,dodge,2019,clean vehicle,18049,orange,minnesota,Midwest,usa
1000,19100,dodge,2019,clean vehicle,18132,white,minnesota,Midwest,usa
1001,11100,dodge,2013,clean vehicle,109176,black,illinois,Midwest,usa
1002,32000,dodge,2019,clean vehicle,25456,black,minnesota,Midwest,usa
1003,16900,dodge,2019,clean vehicle,38375,silver,minnesota,Midwest,usa
1004,18000,dodge,2017,clean vehicle,39792,blue,massachusetts,Northeast,usa
1005,17800,dodge,2019,clean vehicle,30403,white,minnesota,Midwest,usa
1006,18000,dodge,2019,clean vehicle,28252,white,minnesota,Midwest,usa
1007,17500,dodge,2019,clean vehicle,31904,white,minnesota,Midwest,usa
1008,14500,dodge,2018,clean vehicle,24336,silver,nevada,West,usa
1009,18500,dodge,2019,clean vehicle,23961,silver,minnesota,Midwest,usa
1010,18600,dodge,2019,clean vehicle,22919,silver,minnesota,Midwest,usa
1011,32000,dodge,2019,clean vehicle,22863,red,minnesota,Midwest,usa
1012,17000,dodge,2019,clean vehicle,38817,black,minnesota,Midwest,usa
1013,16000,dodge,2019,clean vehicle,48854,white,minnesota,Midwest,usa
1014,18000,dodge,2019,clean vehicle,27288,white,minnesota,Midwest,usa
1015,15900,dodge,2020,clean vehicle,5284,orange,pennsylvania,Northeast,usa
1016,6200,dodge,2016,clean vehicle,99988,silver,alabama,South,usa
1017,3700,dodge,2013,clean vehicle,84109,black,alabama,South,usa
1018,24000,dodge,2012,clean vehicle,88539,white,mississippi,South,usa
1019,20800,dodge,2013,clean vehicle,33739,gold,nevada,West,usa
1020,18500,dodge,2012,clean vehicle,101017,white,mississippi,South,usa
1021,18300,dodge,2019,clean vehicle,13906,black,pennsylvania,Northeast,usa
1022,21000,dodge,2019,clean vehicle,20601,gray,pennsylvania,Northeast,usa
1023,1300,dodge,2013,salvage insurance,135561,white,tennessee,South,usa
1024,11900,dodge,2019,clean vehicle,23421,gray,pennsylvania,Northeast,usa
1025,950,dodge,2012,salvage insurance,145174,white,maryland,South,usa
1026,26800,dodge,2019,clean vehicle,21309,gray,pennsylvania,Northeast,usa
1027,800,dodge,2012,salvage insurance,217576,orange,north carolina,South,usa
1028,21000,dodge,2019,clean vehicle,10350,white,pennsylvania,Northeast,usa
1029,1900,dodge,2012,salvage insurance,157636,orange,georgia,South,usa
1030,33500,dodge,2019,clean vehicle,8605,white,pennsylvania,Northeast,usa
1031,900,dodge,2013,salvage insurance,139404,blue,connecticut,Northeast,usa
1032,21000,dodge,2019,clean vehicle,10170,gray,pennsylvania,Northeast,usa
1033,26800,dodge,2019,clean vehicle,22272,silver,pennsylvania,Northeast,usa
1034,5700,dodge,2016,clean vehicle,101906,blue,texas,South,usa
1035,18500,dodge,2019,clean vehicle,27019,green,pennsylvania,Northeast,usa
1036,33000,dodge,2019,clean vehicle,10930,white,pennsylvania,Northeast,usa
1037,11000,dodge,2019,clean vehicle,73552,silver,texas,South,usa
1038,15800,dodge,2019,clean vehicle,37107,blue,pennsylvania,Northeast,usa
1039,3600,dodge,2013,salvage insurance,124247,white,michigan,Midwest,usa
1040,16300,dodge,2019,clean vehicle,36993,white,pennsylvania,Northeast,usa
1041,2700,dodge,2015,clean vehicle,67133,white,texas,South,usa
1042,12800,dodge,2019,clean vehicle,33580,no_color,pennsylvania,Northeast,usa
1043,9700,dodge,2015,clean vehicle,94140,black,texas,South,usa
1044,18300,dodge,2019,clean vehicle,10447,silver,pennsylvania,Northeast,usa
1045,16000,dodge,2019,clean vehicle,10229,silver,illinois,Midwest,usa
1046,21000,dodge,2019,clean vehicle,6269,gray,pennsylvania,Northeast,usa
1047,3700,dodge,2014,clean vehicle,98699,white,texas,South,usa
1048,33000,dodge,2019,clean vehicle,10631,gray,illinois,Midwest,usa
1049,14700,dodge,2019,clean vehicle,44381,silver,pennsylvania,Northeast,usa
1050,33000,dodge,2019,clean vehicle,13960,silver,illinois,Midwest,usa
1051,15900,dodge,2019,clean vehicle,14051,white,pennsylvania,Northeast,usa
1052,33000,dodge,2019,clean vehicle,20800,gray,illinois,Midwest,usa
1053,33000,dodge,2019,clean vehicle,8873,gray,illinois,Midwest,usa
1054,32500,dodge,2019,clean vehicle,15502,black,illinois,Midwest,usa
1055,33000,dodge,2019,clean vehicle,9669,silver,illinois,Midwest,usa
1056,13000,dodge,2018,clean vehicle,50873,black,virginia,South,usa
1057,33000,dodge,2019,clean vehicle,14117,white,illinois,Midwest,usa
1058,16500,dodge,2019,clean vehicle,46820,red,illinois,Midwest,usa
1059,33000,dodge,2019,clean vehicle,7247,gray,illinois,Midwest,usa
1060,34500,dodge,2017,clean vehicle,40991,red,north carolina,South,usa
1061,33500,dodge,2019,clean vehicle,9023,white,illinois,Midwest,usa
1062,48000,dodge,2018,clean vehicle,8047,white,pennsylvania,Northeast,usa
1063,54500,dodge,2019,clean vehicle,3966,red,illinois,Midwest,usa
1064,13200,dodge,2018,clean vehicle,41014,silver,pennsylvania,Northeast,usa
1065,31500,dodge,2018,clean vehicle,20907,white,illinois,Midwest,usa
1066,17400,dodge,2017,clean vehicle,89795,red,illinois,Midwest,usa
1067,26000,dodge,2017,clean vehicle,57158,white,illinois,Midwest,usa
1068,1700,dodge,2013,salvage insurance,126718,orange,texas,South,usa
1069,11000,dodge,2013,clean vehicle,83976,white,illinois,Midwest,usa
1070,21000,dodge,2018,clean vehicle,12554,gray,texas,South,usa
1071,5500,dodge,2015,clean vehicle,60707,gray,texas,South,usa
1072,7500,dodge,2014,clean vehicle,40110,red,texas,South,usa
1073,15800,dodge,2019,clean vehicle,28038,silver,michigan,Midwest,usa
1074,16900,dodge,2019,clean vehicle,26643,red,michigan,Midwest,usa
1075,25000,dodge,2019,clean vehicle,36127,white,michigan,Midwest,usa
1076,18000,dodge,2019,salvage insurance,19983,black,massachusetts,Northeast,usa
1077,15600,dodge,2019,clean vehicle,29926,black,michigan,Midwest,usa
1078,23800,dodge,2019,clean vehicle,36750,white,north carolina,South,usa
1079,16800,dodge,2019,clean vehicle,27312,black,michigan,Midwest,usa
1080,22700,dodge,2019,clean vehicle,49575,white,north carolina,South,usa
1081,23300,dodge,2019,clean vehicle,30279,red,north carolina,South,usa
1082,23500,dodge,2019,clean vehicle,25825,white,north carolina,South,usa
1083,25500,dodge,2019,clean vehicle,32474,silver,north carolina,South,usa
1084,21800,dodge,2019,clean vehicle,30585,white,north carolina,South,usa
1085,22800,dodge,2019,clean vehicle,36203,gray,north carolina,South,usa
1086,18200,dodge,2019,clean vehicle,29602,red,michigan,Midwest,usa
1087,23500,dodge,2019,clean vehicle,28689,red,north carolina,South,usa
1088,25700,dodge,2019,clean vehicle,31447,charcoal,north carolina,South,usa
1089,15700,dodge,2019,clean vehicle,39148,white,north carolina,South,usa
1090,17500,dodge,2018,clean vehicle,33495,silver,michigan,Midwest,usa
1091,15700,dodge,2019,clean vehicle,35274,white,north carolina,South,usa
1092,16500,dodge,2018,clean vehicle,48745,white,indiana,Midwest,usa
1093,16100,dodge,2019,clean vehicle,31297,red,north carolina,South,usa
1094,15600,dodge,2019,clean vehicle,38745,charcoal,north carolina,South,usa
1095,15400,dodge,2019,clean vehicle,37704,gray,north carolina,South,usa
1096,28200,dodge,2017,clean vehicle,27060,white,michigan,Midwest,usa
1097,15300,dodge,2019,clean vehicle,40002,no_color,north carolina,South,usa
1098,15900,dodge,2019,clean vehicle,34930,red,north carolina,South,usa
1099,17700,dodge,2016,clean vehicle,22863,gray,indiana,Midwest,usa
1100,15800,dodge,2019,clean vehicle,36876,white,north carolina,South,usa
1101,15900,dodge,2019,clean vehicle,34264,charcoal,north carolina,South,usa
1102,25300,dodge,2019,clean vehicle,17515,red,new mexico,West,usa
1103,16300,dodge,2019,clean vehicle,27071,silver,north carolina,South,usa
1104,29500,dodge,2019,clean vehicle,14656,gray,new mexico,West,usa
1105,14500,dodge,2019,clean vehicle,35652,gray,north carolina,South,usa
1106,15400,dodge,2019,clean vehicle,30055,no_color,north carolina,South,usa
1107,15400,dodge,2019,clean vehicle,43088,charcoal,north carolina,South,usa
1108,15100,dodge,2019,clean vehicle,33641,purple,north carolina,South,usa
1109,15000,dodge,2019,clean vehicle,34797,black,north carolina,South,usa
1110,15500,dodge,2019,clean vehicle,43943,gray,north carolina,South,usa
1111,15000,dodge,2019,clean vehicle,35744,no_color,north carolina,South,usa
1112,15200,dodge,2019,clean vehicle,31542,no_color,north carolina,South,usa
1113,15700,dodge,2019,clean vehicle,26899,white,north carolina,South,usa
1114,16100,dodge,2019,clean vehicle,29985,silver,north carolina,South,usa
1115,16300,dodge,2018,clean vehicle,37009,silver,texas,South,usa
1116,16000,dodge,2019,clean vehicle,30731,white,north carolina,South,usa
1117,16900,dodge,2019,clean vehicle,30062,silver,north carolina,South,usa
1118,17000,dodge,2019,clean vehicle,28295,charcoal,north carolina,South,usa
1119,17300,dodge,2019,clean vehicle,25534,silver,north carolina,South,usa
1120,15900,dodge,2019,clean vehicle,29716,gray,north carolina,South,usa
1121,15700,dodge,2019,clean vehicle,34294,silver,north carolina,South,usa
1122,16900,dodge,2019,clean vehicle,27643,white,north carolina,South,usa
1123,15500,dodge,2019,clean vehicle,35516,white,north carolina,South,usa
1124,15100,dodge,2019,clean vehicle,40674,silver,north carolina,South,usa
1125,15500,dodge,2019,clean vehicle,32494,white,north carolina,South,usa
1126,15400,dodge,2019,clean vehicle,35047,red,north carolina,South,usa
1127,16500,dodge,2019,clean vehicle,32898,silver,north carolina,South,usa
1128,42500,dodge,2015,clean vehicle,13740,black,texas,South,usa
1129,16600,dodge,2019,clean vehicle,23132,charcoal,north carolina,South,usa
1130,15200,dodge,2019,clean vehicle,37174,silver,north carolina,South,usa
1131,15800,dodge,2019,clean vehicle,34023,charcoal,north carolina,South,usa
1132,16900,dodge,2019,clean vehicle,30021,charcoal,north carolina,South,usa
1133,11100,dodge,2017,clean vehicle,51469,gray,north carolina,South,usa
1134,15600,dodge,2019,clean vehicle,31237,charcoal,north carolina,South,usa
1135,16900,dodge,2019,clean vehicle,30186,silver,north carolina,South,usa
1136,15300,dodge,2019,clean vehicle,41956,silver,north carolina,South,usa
1137,16600,dodge,2019,clean vehicle,30727,black,north carolina,South,usa
1138,21800,dodge,2017,clean vehicle,38956,black,pennsylvania,Northeast,usa
1139,36500,dodge,2018,clean vehicle,22036,white,virginia,South,usa
1140,26300,dodge,2019,clean vehicle,26462,red,georgia,South,usa
1141,20900,dodge,2019,clean vehicle,23143,red,georgia,South,usa
1142,20100,dodge,2019,clean vehicle,17340,gray,georgia,South,usa
1143,26700,dodge,2019,clean vehicle,29749,gray,georgia,South,usa
1144,23900,dodge,2019,clean vehicle,35248,white,georgia,South,usa
1145,14500,dodge,2018,clean vehicle,40417,no_color,florida,South,usa
1146,23000,dodge,2017,clean vehicle,30309,gray,virginia,South,usa
1147,15000,dodge,2018,clean vehicle,42303,red,north carolina,South,usa
1148,15000,dodge,2018,clean vehicle,35326,white,north carolina,South,usa
1149,28500,ford,2017,clean vehicle,92100,white,texas,South,usa
1150,28000,ford,2017,clean vehicle,99375,white,texas,South,usa
1151,9000,ford,2017,clean vehicle,72418,gray,texas,South,usa
1152,28700,ford,2015,clean vehicle,29733,ruby red metallic tinted clearcoat,connecticut,Northeast,usa
1153,25000,ford,2017,clean vehicle,119439,white,texas,South,usa
1154,17347,ford,2015,clean vehicle,54396,black,massachusetts,Northeast,usa
1155,13800,ford,2016,clean vehicle,91606,white,texas,South,usa
1156,25888,ford,2015,clean vehicle,2807,black,new jersey,Northeast,usa
1157,8500,ford,2017,clean vehicle,78739,black,tennessee,South,usa
1158,21289,ford,2015,clean vehicle,71955,gray,new york,Northeast,usa
1159,17999,ford,2015,clean vehicle,48472,triple yellow tri-coat,new jersey,Northeast,usa
1160,2700,ford,2012,clean vehicle,98470,blue,texas,South,usa
1161,30977,ford,2015,clean vehicle,28937,competition orange,pennsylvania,Northeast,usa
1162,13799,ford,2015,clean vehicle,83693,red,new jersey,Northeast,usa
1163,20500,ford,2014,clean vehicle,90888,white,arizona,West,usa
1164,8500,ford,2012,clean vehicle,216942,white,texas,South,usa
1165,9900,ford,2015,clean vehicle,205796,white,florida,South,usa
1166,65500,ford,2019,clean vehicle,6500,black,indiana,Midwest,usa
1167,24500,ford,2018,clean vehicle,39943,white,florida,South,usa
1168,32500,ford,2020,clean vehicle,5920,silver,missouri,Midwest,usa
1169,9200,ford,2018,clean vehicle,71478,blue,pennsylvania,Northeast,usa
1170,17700,ford,2017,clean vehicle,119520,silver,pennsylvania,Northeast,usa
1171,18300,ford,2020,clean vehicle,10882,white,california,West,usa
1172,43500,ford,2019,clean vehicle,29010,gray,illinois,Midwest,usa
1173,15200,ford,2016,clean vehicle,69003,white,pennsylvania,Northeast,usa
1174,36200,ford,2019,clean vehicle,16207,no_color,illinois,Midwest,usa
1175,21900,ford,2018,clean vehicle,29748,red,new jersey,Northeast,usa
1176,20700,ford,2019,clean vehicle,25582,white,california,West,usa
1177,12300,ford,2019,clean vehicle,24520,gray,california,West,usa
1178,4200,ford,2016,clean vehicle,104383,blue,pennsylvania,Northeast,usa
1179,19500,ford,2019,clean vehicle,34164,white,california,West,usa
1180,14300,ford,2020,clean vehicle,6975,silver,california,West,usa
1181,13700,ford,2016,clean vehicle,67150,white,pennsylvania,Northeast,usa
1182,13200,ford,2015,clean vehicle,100820,white,pennsylvania,Northeast,usa
1183,6200,ford,2014,clean vehicle,142286,white,pennsylvania,Northeast,usa
1184,6500,ford,2015,clean vehicle,60015,black,pennsylvania,Northeast,usa
1185,1500,ford,2013,clean vehicle,126381,gray,pennsylvania,Northeast,usa
1186,2200,ford,2013,clean vehicle,128753,black,pennsylvania,Northeast,usa
1187,4200,ford,2013,clean vehicle,0,no_color,pennsylvania,Northeast,usa
1188,8700,ford,2013,clean vehicle,64598,white,pennsylvania,Northeast,usa
1189,3200,ford,2012,clean vehicle,111532,black,pennsylvania,Northeast,usa
1190,9000,ford,2012,clean vehicle,149346,black,pennsylvania,Northeast,usa
1191,20000,ford,2018,clean vehicle,43567,silver,illinois,Midwest,usa
1192,33000,ford,2017,clean vehicle,36004,white,texas,South,usa
1193,23300,ford,2019,clean vehicle,10935,white,south carolina,South,usa
1194,8750,ford,2017,clean vehicle,150484,white,illinois,Midwest,usa
1195,11975,ford,2012,clean vehicle,122014,white,texas,South,usa
1196,23600,ford,2019,clean vehicle,19363,white,south carolina,South,usa
1197,12000,ford,2016,clean vehicle,42902,black,texas,South,usa
1198,30900,ford,2018,clean vehicle,401,red,indiana,Midwest,usa
1199,23900,ford,2019,clean vehicle,11077,white,south carolina,South,usa
1200,40400,ford,2018,clean vehicle,34100,black,indiana,Midwest,usa
1201,38000,ford,2019,clean vehicle,30018,white,minnesota,Midwest,usa
1202,27000,ford,2019,clean vehicle,18279,white,illinois,Midwest,usa
1203,24000,ford,2019,clean vehicle,7373,white,south carolina,South,usa
1204,30000,ford,2019,clean vehicle,2590,gray,wisconsin,Midwest,usa
1205,16200,ford,2019,clean vehicle,41662,white,south carolina,South,usa
1206,30000,ford,2019,clean vehicle,15019,gray,wisconsin,Midwest,usa
1207,23900,ford,2019,clean vehicle,9420,white,south carolina,South,usa
1208,13800,ford,2018,clean vehicle,41864,white,missouri,Midwest,usa
1209,23700,ford,2019,clean vehicle,16829,white,south carolina,South,usa
1210,24300,ford,2018,clean vehicle,6290,gray,illinois,Midwest,usa
1211,54900,ford,2019,clean vehicle,14393,black,nevada,West,usa
1212,22500,ford,2018,clean vehicle,14599,white,wisconsin,Midwest,usa
1213,39000,ford,2018,clean vehicle,25839,gray,illinois,Midwest,usa
1214,13900,ford,2018,clean vehicle,60715,gray,wisconsin,Midwest,usa
1215,24700,ford,2018,clean vehicle,23350,red,illinois,Midwest,usa
1216,20100,ford,2018,clean vehicle,62386,white,california,West,usa
1217,22000,ford,2018,clean vehicle,6248,red,illinois,Midwest,usa
1218,38200,ford,2019,clean vehicle,878,green,florida,South,usa
1219,24400,ford,2018,clean vehicle,49710,white,california,West,usa
1220,35000,ford,2018,clean vehicle,2042,blue,illinois,Midwest,usa
1221,18600,ford,2019,clean vehicle,7742,white,florida,South,usa
1222,22700,ford,2018,clean vehicle,39733,white,california,West,usa
1223,38000,ford,2018,clean vehicle,33701,black,illinois,Midwest,usa
1224,17000,ford,2014,clean vehicle,67542,red,illinois,Midwest,usa
1225,17500,ford,2017,clean vehicle,35095,gray,wisconsin,Midwest,usa
1226,23200,ford,2019,clean vehicle,8652,white,michigan,Midwest,usa
1227,30700,ford,2017,clean vehicle,51107,red,wisconsin,Midwest,usa
1228,23500,ford,2019,clean vehicle,14987,white,michigan,Midwest,usa
1229,26400,ford,2017,clean vehicle,28252,blue,wisconsin,Midwest,usa
1230,23500,ford,2019,clean vehicle,16009,white,michigan,Midwest,usa
1231,38000,ford,2017,clean vehicle,47866,white,wisconsin,Midwest,usa
1232,23600,ford,2019,clean vehicle,11004,white,michigan,Midwest,usa
1233,19300,ford,2017,clean vehicle,42895,gray,wisconsin,Midwest,usa
1234,23200,ford,2019,clean vehicle,9490,white,michigan,Midwest,usa
1235,13800,ford,2017,clean vehicle,39027,no_color,wisconsin,Midwest,usa
1236,23600,ford,2019,clean vehicle,13466,white,michigan,Midwest,usa
1237,23200,ford,2019,clean vehicle,8737,white,michigan,Midwest,usa
1238,40000,ford,2017,clean vehicle,23960,red,wisconsin,Midwest,usa
1239,23400,ford,2019,clean vehicle,5562,white,michigan,Midwest,usa
1240,23600,ford,2019,clean vehicle,13763,white,michigan,Midwest,usa
1241,23000,ford,2019,clean vehicle,10444,white,michigan,Midwest,usa
1242,25500,ford,2017,clean vehicle,41696,black,wisconsin,Midwest,usa
1243,23500,ford,2019,clean vehicle,15787,white,michigan,Midwest,usa
1244,29900,ford,2017,clean vehicle,9167,white,wisconsin,Midwest,usa
1245,23200,ford,2019,clean vehicle,17541,white,michigan,Midwest,usa
1246,50500,ford,2017,clean vehicle,24686,silver,wisconsin,Midwest,usa
1247,23400,ford,2019,clean vehicle,15210,white,michigan,Midwest,usa
1248,24500,ford,2017,clean vehicle,54601,white,wisconsin,Midwest,usa
1249,49000,ford,2017,clean vehicle,2205,black,illinois,Midwest,usa
1250,25400,ford,2017,clean vehicle,35691,white,wisconsin,Midwest,usa
1251,23000,ford,2017,clean vehicle,32788,silver,illinois,Midwest,usa
1252,6000,ford,2012,clean vehicle,180471,gray,minnesota,Midwest,usa
1253,22400,ford,2016,clean vehicle,42925,black,wisconsin,Midwest,usa
1254,22500,ford,2016,clean vehicle,37385,black,wisconsin,Midwest,usa
1255,25200,ford,2019,clean vehicle,15415,gray,virginia,South,usa
1256,36000,ford,2016,clean vehicle,20047,white,wisconsin,Midwest,usa
1257,26700,ford,2019,clean vehicle,16884,black,virginia,South,usa
1258,30500,ford,2016,clean vehicle,57936,gray,wisconsin,Midwest,usa
1259,26700,ford,2019,clean vehicle,15244,black,virginia,South,usa
1260,25000,ford,2019,clean vehicle,19842,gray,virginia,South,usa
1261,35200,ford,2016,clean vehicle,38830,white,wisconsin,Midwest,usa
1262,30300,ford,2019,clean vehicle,31899,white,tennessee,South,usa
1263,25000,ford,2016,clean vehicle,69305,no_color,illinois,Midwest,usa
1264,26500,ford,2016,clean vehicle,46098,red,wisconsin,Midwest,usa
1265,21600,ford,2019,clean vehicle,29457,gray,virginia,South,usa
1266,18800,ford,2016,clean vehicle,30765,no_color,wisconsin,Midwest,usa
1267,21500,ford,2019,clean vehicle,29096,red,virginia,South,usa
1268,9000,ford,2016,clean vehicle,40437,no_color,new jersey,Northeast,usa
1269,16700,ford,2015,clean vehicle,69004,white,wisconsin,Midwest,usa
1270,16800,ford,2015,clean vehicle,65179,white,wisconsin,Midwest,usa
1271,15700,ford,2015,clean vehicle,75862,white,wisconsin,Midwest,usa
1272,16800,ford,2015,clean vehicle,68319,white,wisconsin,Midwest,usa
1273,19500,ford,2015,clean vehicle,80354,gray,wisconsin,Midwest,usa
1274,20500,ford,2015,clean vehicle,51441,black,wisconsin,Midwest,usa
1275,17400,ford,2015,clean vehicle,70954,white,wisconsin,Midwest,usa
1276,17500,ford,2014,clean vehicle,92500,red,wisconsin,Midwest,usa
1277,26000,ford,2014,clean vehicle,66367,silver,illinois,Midwest,usa
1278,56700,ford,2019,clean vehicle,13884,white,kentucky,South,usa
1279,5000,ford,2013,clean vehicle,202565,no_color,wisconsin,Midwest,usa
1280,40200,ford,2019,clean vehicle,26484,no_color,kentucky,South,usa
1281,54000,ford,2013,clean vehicle,703,red,illinois,Midwest,usa
1282,65200,ford,2019,clean vehicle,18138,white,kentucky,South,usa
1283,32500,ford,2017,clean vehicle,28007,white,minnesota,Midwest,usa
1284,25500,ford,2019,clean vehicle,11251,white,illinois,Midwest,usa
1285,63000,ford,2019,clean vehicle,11640,no_color,illinois,Midwest,usa
1286,44000,ford,2019,clean vehicle,10763,white,illinois,Midwest,usa
1287,70000,ford,2019,clean vehicle,9643,no_color,illinois,Midwest,usa
1288,56200,ford,2019,clean vehicle,33930,gray,kentucky,South,usa
1289,35000,ford,2019,clean vehicle,26451,white,wisconsin,Midwest,usa
1290,57700,ford,2019,clean vehicle,21101,red,kentucky,South,usa
1291,74000,ford,2019,clean vehicle,10536,no_color,illinois,Midwest,usa
1292,60200,ford,2019,clean vehicle,31744,white,kentucky,South,usa
1293,60000,ford,2018,clean vehicle,18062,black,illinois,Midwest,usa
1294,63000,ford,2018,clean vehicle,17942,black,illinois,Midwest,usa
1295,22500,ford,2014,clean vehicle,43646,black,wisconsin,Midwest,usa
1296,8300,ford,2014,clean vehicle,71989,gray,wisconsin,Midwest,usa
1297,8300,ford,2012,clean vehicle,138328,white,wisconsin,Midwest,usa
1298,21000,ford,2013,clean vehicle,95386,brown,wisconsin,Midwest,usa
1299,19300,ford,2019,clean vehicle,23740,black,mississippi,South,usa
1300,16400,ford,2019,clean vehicle,36064,gray,alabama,South,usa
1301,27300,ford,2019,clean vehicle,18805,gray,mississippi,South,usa
1302,26400,ford,2012,clean vehicle,151035,white,wisconsin,Midwest,usa
1303,35100,ford,2019,clean vehicle,10099,red,mississippi,South,usa
1304,41500,ford,2018,clean vehicle,9800,black,new jersey,Northeast,usa
1305,34100,ford,2019,clean vehicle,10483,white,mississippi,South,usa
1306,28600,ford,2019,clean vehicle,17544,no_color,california,West,usa
1307,34100,ford,2019,clean vehicle,10167,red,mississippi,South,usa
1308,28700,ford,2019,clean vehicle,11457,gray,california,West,usa
1309,24700,ford,2019,clean vehicle,26590,no_color,california,West,usa
1310,46500,ford,2019,clean vehicle,35346,black,california,West,usa
1311,29000,ford,2019,clean vehicle,12953,black,california,West,usa
1312,25500,ford,2019,clean vehicle,26693,silver,california,West,usa
1313,39500,ford,2019,clean vehicle,25071,yellow,california,West,usa
1314,33100,ford,2019,clean vehicle,33538,yellow,california,West,usa
1315,30500,ford,2019,clean vehicle,9915,gray,california,West,usa
1316,3600,ford,2018,clean vehicle,1,silver,arizona,West,usa
1317,16800,ford,2019,clean vehicle,9910,red,california,West,usa
1318,24000,ford,2019,clean vehicle,16765,gray,texas,South,usa
1319,58500,ford,2019,clean vehicle,4970,gray,california,West,usa
1320,55000,ford,2017,clean vehicle,43964,black,texas,South,usa
1321,28800,ford,2019,clean vehicle,40785,silver,california,West,usa
1322,26800,ford,2015,clean vehicle,108998,white,new jersey,Northeast,usa
1323,36000,ford,2018,clean vehicle,58576,gray,wisconsin,Midwest,usa
1324,20000,ford,2018,clean vehicle,55475,white,wisconsin,Midwest,usa
1325,46700,ford,2019,clean vehicle,35929,black,alabama,South,usa
1326,42800,ford,2019,clean vehicle,21669,silver,alabama,South,usa
1327,21800,ford,2018,clean vehicle,16079,no_color,california,West,usa
1328,18800,ford,2018,clean vehicle,41147,white,california,West,usa
1329,18800,ford,2018,clean vehicle,45798,black,california,West,usa
1330,30200,ford,2018,clean vehicle,21703,red,california,West,usa
1331,27500,ford,2018,clean vehicle,22284,black,california,West,usa
1332,37500,ford,2018,clean vehicle,24567,white,california,West,usa
1333,19100,ford,2018,clean vehicle,30594,silver,california,West,usa
1334,17100,ford,2018,clean vehicle,52747,white,california,West,usa
1335,13500,ford,2018,clean vehicle,21592,silver,florida,South,usa
1336,54500,ford,2018,clean vehicle,19853,blue,california,West,usa
1337,9000,ford,2018,clean vehicle,25201,gray,florida,South,usa
1338,16400,ford,2020,clean vehicle,10351,black,pennsylvania,Northeast,usa
1339,17000,ford,2020,clean vehicle,1117,gray,pennsylvania,Northeast,usa
1340,24800,ford,2017,clean vehicle,37279,gold,california,West,usa
1341,26800,ford,2017,clean vehicle,30113,red,california,West,usa
1342,19400,ford,2017,clean vehicle,27570,white,california,West,usa
1343,20000,ford,2017,clean vehicle,45188,silver,california,West,usa
1344,7000,ford,2012,clean vehicle,149712,silver,texas,South,usa
1345,25100,ford,2017,clean vehicle,25030,gold,california,West,usa
1346,2000,ford,2013,salvage insurance,105743,gray,oklahoma,South,usa
1347,18200,ford,2020,clean vehicle,9861,black,pennsylvania,Northeast,usa
1348,14200,ford,2018,clean vehicle,1751,red,illinois,Midwest,usa
1349,56500,ford,2017,clean vehicle,30629,red,california,West,usa
1350,2000,ford,2016,salvage insurance,52883,gray,oklahoma,South,usa
1351,26500,ford,2020,clean vehicle,122,white,pennsylvania,Northeast,usa
1352,34300,ford,2019,clean vehicle,28534,white,florida,South,usa
1353,43500,ford,2017,clean vehicle,80699,black,california,West,usa
1354,3500,ford,2016,salvage insurance,72851,white,oklahoma,South,usa
1355,37200,ford,2019,clean vehicle,24078,white,florida,South,usa
1356,12800,ford,2017,clean vehicle,38639,orange,california,West,usa
1357,15000,ford,2013,salvage insurance,146807,silver,texas,South,usa
1358,12500,ford,2017,clean vehicle,31871,silver,california,West,usa
1359,21500,ford,2017,clean vehicle,76876,gray,california,West,usa
1360,17300,ford,2019,clean vehicle,28070,white,north carolina,South,usa
1361,27000,ford,2017,clean vehicle,3189,silver,california,West,usa
1362,31800,ford,2017,clean vehicle,28359,white,florida,South,usa
1363,13000,ford,2017,clean vehicle,42890,gray,california,West,usa
1364,31800,ford,2017,clean vehicle,29328,silver,florida,South,usa
1365,46300,ford,2016,clean vehicle,47531,black,california,West,usa
1366,6000,ford,2015,clean vehicle,57345,gray,missouri,Midwest,usa
1367,22800,ford,2016,clean vehicle,67546,silver,california,West,usa
1368,45000,ford,2019,clean vehicle,18153,white,pennsylvania,Northeast,usa
1369,49500,ford,2019,clean vehicle,17689,black,pennsylvania,Northeast,usa
1370,3000,ford,2012,clean vehicle,137171,white,missouri,Midwest,usa
1371,20000,ford,2015,clean vehicle,63445,gray,california,West,usa
1372,25300,ford,2019,clean vehicle,26422,black,pennsylvania,Northeast,usa
1373,4000,ford,2015,salvage insurance,149319,white,south carolina,South,usa
1374,45500,ford,2019,clean vehicle,18767,gray,pennsylvania,Northeast,usa
1375,9100,ford,2018,clean vehicle,38289,silver,minnesota,Midwest,usa
1376,48000,ford,2019,clean vehicle,22960,black,pennsylvania,Northeast,usa
1377,47000,ford,2019,clean vehicle,17263,blue,pennsylvania,Northeast,usa
1378,49500,ford,2019,clean vehicle,16981,black,pennsylvania,Northeast,usa
1379,31200,ford,2019,clean vehicle,13058,black,pennsylvania,Northeast,usa
1380,18500,ford,2014,clean vehicle,45887,white,california,West,usa
1381,15500,ford,2019,clean vehicle,21740,silver,pennsylvania,Northeast,usa
1382,30500,ford,2019,clean vehicle,17707,black,pennsylvania,Northeast,usa
1383,45500,ford,2019,clean vehicle,19121,silver,pennsylvania,Northeast,usa
1384,31500,ford,2019,clean vehicle,18856,black,pennsylvania,Northeast,usa
1385,11000,ford,2013,clean vehicle,84752,white,new jersey,Northeast,usa
1386,46500,ford,2019,clean vehicle,19555,white,pennsylvania,Northeast,usa
1387,31500,ford,2019,clean vehicle,16340,black,pennsylvania,Northeast,usa
1388,32000,ford,2018,clean vehicle,17242,white,ohio,Midwest,usa
1389,23900,ford,2019,clean vehicle,28733,black,pennsylvania,Northeast,usa
1390,31500,ford,2019,clean vehicle,16019,black,pennsylvania,Northeast,usa
1391,18500,ford,2016,clean vehicle,75580,black,ohio,Midwest,usa
1392,1500,ford,2013,salvage insurance,113444,white,georgia,South,usa
1393,46000,ford,2019,clean vehicle,19227,white,pennsylvania,Northeast,usa
1394,31500,ford,2019,clean vehicle,13633,black,pennsylvania,Northeast,usa
1395,14700,ford,2015,clean vehicle,37739,white,new jersey,Northeast,usa
1396,2700,ford,2013,salvage insurance,103541,green,michigan,Midwest,usa
1397,47500,ford,2019,clean vehicle,24072,blue,pennsylvania,Northeast,usa
1398,31500,ford,2019,clean vehicle,17657,black,pennsylvania,Northeast,usa
1399,8900,ford,2014,clean vehicle,77392,red,new jersey,Northeast,usa
1400,7000,ford,2019,salvage insurance,11930,white,michigan,Midwest,usa
1401,49000,ford,2019,clean vehicle,19731,red,pennsylvania,Northeast,usa
1402,31500,ford,2019,clean vehicle,15581,black,pennsylvania,Northeast,usa
1403,8900,ford,2014,clean vehicle,70181,black,new jersey,Northeast,usa
1404,48000,ford,2019,clean vehicle,16143,black,pennsylvania,Northeast,usa
1405,50000,ford,2019,clean vehicle,17995,black,pennsylvania,Northeast,usa
1406,47300,ford,2019,clean vehicle,23926,black,pennsylvania,Northeast,usa
1407,45000,ford,2017,clean vehicle,57929,black,louisiana,South,usa
1408,49000,ford,2019,clean vehicle,20758,silver,pennsylvania,Northeast,usa
1409,40200,ford,2019,clean vehicle,10028,gray,texas,South,usa
1410,48000,ford,2019,clean vehicle,21051,black,pennsylvania,Northeast,usa
1411,5000,ford,2015,clean vehicle,136307,silver,louisiana,South,usa
1412,8200,ford,2013,clean vehicle,105880,silver,new jersey,Northeast,usa
1413,49000,ford,2019,clean vehicle,19985,white,pennsylvania,Northeast,usa
1414,4000,ford,2015,clean vehicle,102590,gray,louisiana,South,usa
1415,39000,ford,2019,clean vehicle,27612,silver,pennsylvania,Northeast,usa
1416,29000,ford,2015,clean vehicle,90855,white,louisiana,South,usa
1417,46500,ford,2019,clean vehicle,19936,silver,pennsylvania,Northeast,usa
1418,7805,ford,2015,clean vehicle,64495,gray,louisiana,South,usa
1419,22000,ford,2018,clean vehicle,39477,gray,texas,South,usa
1420,18800,ford,2019,clean vehicle,25698,black,pennsylvania,Northeast,usa
1421,33000,ford,2015,clean vehicle,73849,blue,louisiana,South,usa
1422,39500,ford,2019,clean vehicle,25422,black,pennsylvania,Northeast,usa
1423,16900,ford,2015,clean vehicle,47866,black,louisiana,South,usa
1424,42500,ford,2019,clean vehicle,31236,white,pennsylvania,Northeast,usa
1425,39500,ford,2019,clean vehicle,26755,gray,pennsylvania,Northeast,usa
1426,25500,ford,2018,clean vehicle,49177,blue,illinois,Midwest,usa
1427,49500,ford,2019,clean vehicle,20749,white,pennsylvania,Northeast,usa
1428,25000,ford,2018,clean vehicle,15003,white,illinois,Midwest,usa
1429,40000,ford,2019,clean vehicle,12247,black,pennsylvania,Northeast,usa
1430,26000,ford,2018,clean vehicle,1,black,illinois,Midwest,usa
1431,29500,ford,2019,clean vehicle,10808,silver,pennsylvania,Northeast,usa
1432,23000,ford,2019,clean vehicle,11263,white,oklahoma,South,usa
1433,25500,ford,2018,clean vehicle,42307,black,illinois,Midwest,usa
1434,44500,ford,2019,clean vehicle,17484,gray,pennsylvania,Northeast,usa
1435,15600,ford,2019,clean vehicle,37106,blue,missouri,Midwest,usa
1436,23100,ford,2019,clean vehicle,9539,white,oklahoma,South,usa
1437,37000,ford,2019,clean vehicle,2384,gray,pennsylvania,Northeast,usa
1438,14500,ford,2019,clean vehicle,20590,gray,missouri,Midwest,usa
1439,23000,ford,2019,clean vehicle,13896,white,oklahoma,South,usa
1440,26500,ford,2019,clean vehicle,9451,gray,pennsylvania,Northeast,usa
1441,18000,ford,2017,clean vehicle,31657,red,missouri,Midwest,usa
1442,35700,ford,2019,clean vehicle,33907,brown,oklahoma,South,usa
1443,31000,ford,2019,clean vehicle,10028,black,pennsylvania,Northeast,usa
1444,2000,ford,2013,clean vehicle,175640,no_color,missouri,Midwest,usa
1445,40400,ford,2019,clean vehicle,30770,white,oklahoma,South,usa
1446,43600,ford,2019,clean vehicle,15141,black,pennsylvania,Northeast,usa
1447,22600,ford,2019,clean vehicle,18431,white,oklahoma,South,usa
1448,26000,ford,2019,clean vehicle,9604,white,pennsylvania,Northeast,usa
1449,23200,ford,2019,clean vehicle,9516,white,oklahoma,South,usa
1450,29000,ford,2019,clean vehicle,9718,silver,pennsylvania,Northeast,usa
1451,22800,ford,2019,clean vehicle,16506,white,oklahoma,South,usa
1452,3450,ford,2015,salvage insurance,192108,white,oregon,West,usa
1453,31000,ford,2019,clean vehicle,11028,white,pennsylvania,Northeast,usa
1454,22900,ford,2019,clean vehicle,11313,white,oklahoma,South,usa
1455,3000,ford,2014,salvage insurance,141595,red,oregon,West,usa
1456,28000,ford,2019,clean vehicle,12886,silver,pennsylvania,Northeast,usa
1457,23200,ford,2019,clean vehicle,9556,white,oklahoma,South,usa
1458,27000,ford,2019,clean vehicle,13269,blue,pennsylvania,Northeast,usa
1459,22800,ford,2019,clean vehicle,16770,white,oklahoma,South,usa
1460,31500,ford,2019,clean vehicle,13526,red,pennsylvania,Northeast,usa
1461,23400,ford,2019,clean vehicle,16391,white,oklahoma,South,usa
1462,28000,ford,2019,clean vehicle,11437,white,pennsylvania,Northeast,usa
1463,23400,ford,2019,clean vehicle,17964,white,oklahoma,South,usa
1464,28000,ford,2018,clean vehicle,5440,blue,texas,South,usa
1465,24900,ford,2019,clean vehicle,13035,white,pennsylvania,Northeast,usa
1466,23500,ford,2019,clean vehicle,15759,white,oklahoma,South,usa
1467,36000,ford,2018,clean vehicle,30002,gray,texas,South,usa
1468,28700,ford,2019,clean vehicle,13673,white,pennsylvania,Northeast,usa
1469,16000,ford,2018,clean vehicle,24480,silver,oregon,West,usa
1470,31000,ford,2019,clean vehicle,13230,white,pennsylvania,Northeast,usa
1471,16500,ford,2017,clean vehicle,137789,white,oregon,West,usa
1472,28500,ford,2019,clean vehicle,13516,white,pennsylvania,Northeast,usa
1473,10800,ford,2017,clean vehicle,81660,black,oregon,West,usa
1474,28500,ford,2019,clean vehicle,11763,white,pennsylvania,Northeast,usa
1475,25000,ford,2017,clean vehicle,34165,gold,oregon,West,usa
1476,31000,ford,2019,clean vehicle,13458,white,pennsylvania,Northeast,usa
1477,7800,ford,2016,clean vehicle,104867,black,oregon,West,usa
1478,28500,ford,2019,clean vehicle,14004,white,pennsylvania,Northeast,usa
1479,9500,ford,2016,clean vehicle,69829,silver,oregon,West,usa
1480,28500,ford,2019,clean vehicle,13405,silver,pennsylvania,Northeast,usa
1481,14500,ford,2016,clean vehicle,96151,black,oregon,West,usa
1482,25000,ford,2019,clean vehicle,12688,black,pennsylvania,Northeast,usa
1483,14500,ford,2016,clean vehicle,116519,white,oregon,West,usa
1484,28500,ford,2019,clean vehicle,12260,white,pennsylvania,Northeast,usa
1485,12100,ford,2016,clean vehicle,29367,silver,oregon,West,usa
1486,29400,ford,2019,clean vehicle,18982,white,pennsylvania,Northeast,usa
1487,24700,ford,2019,clean vehicle,23795,silver,california,West,usa
1488,8700,ford,2016,clean vehicle,76572,gray,oregon,West,usa
1489,29500,ford,2019,clean vehicle,15964,white,pennsylvania,Northeast,usa
1490,25800,ford,2019,clean vehicle,28117,silver,california,West,usa
1491,17500,ford,2016,clean vehicle,116730,blue,oregon,West,usa
1492,23900,ford,2019,clean vehicle,21055,brown,pennsylvania,Northeast,usa
1493,22900,ford,2019,clean vehicle,27794,black,california,West,usa
1494,19500,ford,2016,clean vehicle,56995,black,oregon,West,usa
1495,29500,ford,2019,clean vehicle,16625,gray,pennsylvania,Northeast,usa
1496,24500,ford,2019,clean vehicle,27689,gray,california,West,usa
1497,11000,ford,2016,clean vehicle,39851,black,oregon,West,usa
1498,22400,ford,2019,clean vehicle,31727,black,pennsylvania,Northeast,usa
1499,15700,ford,2019,clean vehicle,31586,gray,california,West,usa
1500,11000,ford,2015,clean vehicle,33717,black,oregon,West,usa
1501,28000,ford,2019,clean vehicle,18418,black,pennsylvania,Northeast,usa
1502,13500,ford,2019,clean vehicle,39013,black,california,West,usa
1503,7300,ford,2013,clean vehicle,125451,white,oregon,West,usa
1504,25100,ford,2019,clean vehicle,21346,black,pennsylvania,Northeast,usa
1505,24100,ford,2019,clean vehicle,21150,white,california,West,usa
1506,6500,ford,2014,clean vehicle,103862,white,oregon,West,usa
1507,10500,ford,2019,clean vehicle,22001,red,pennsylvania,Northeast,usa
1508,16900,ford,2019,clean vehicle,31261,gray,california,West,usa
1509,6000,ford,2013,clean vehicle,140870,white,oregon,West,usa
1510,28500,ford,2019,clean vehicle,14358,white,pennsylvania,Northeast,usa
1511,16200,ford,2019,clean vehicle,41672,silver,california,West,usa
1512,6500,ford,2013,clean vehicle,95655,white,oregon,West,usa
1513,24500,ford,2019,clean vehicle,19493,gray,pennsylvania,Northeast,usa
1514,16500,ford,2019,clean vehicle,36956,black,california,West,usa
1515,56500,ford,2017,clean vehicle,23223,gold,texas,South,usa
1516,10400,ford,2019,clean vehicle,13085,gray,pennsylvania,Northeast,usa
1517,22800,ford,2018,clean vehicle,36124,silver,oklahoma,South,usa
1518,26500,ford,2019,clean vehicle,19147,white,pennsylvania,Northeast,usa
1519,23800,ford,2019,clean vehicle,24993,red,pennsylvania,Northeast,usa
1520,24700,ford,2018,clean vehicle,41127,white,oklahoma,South,usa
1521,12400,ford,2019,clean vehicle,32365,black,pennsylvania,Northeast,usa
1522,16600,ford,2019,clean vehicle,27774,white,pennsylvania,Northeast,usa
1523,11200,ford,2015,clean vehicle,105027,blue,oklahoma,South,usa
1524,15900,ford,2019,clean vehicle,27806,silver,pennsylvania,Northeast,usa
1525,7700,ford,2015,clean vehicle,54198,blue,oklahoma,South,usa
1526,15100,ford,2019,clean vehicle,30181,white,pennsylvania,Northeast,usa
1527,7200,ford,2013,clean vehicle,82670,black,oklahoma,South,usa
1528,15600,ford,2019,clean vehicle,36305,gold,pennsylvania,Northeast,usa
1529,39700,ford,2019,clean vehicle,10475,white,oklahoma,South,usa
1530,16000,ford,2019,clean vehicle,34734,gray,pennsylvania,Northeast,usa
1531,7500,ford,2012,clean vehicle,186713,black,oklahoma,South,usa
1532,15500,ford,2017,clean vehicle,132150,white,oregon,West,usa
1533,19000,ford,2019,clean vehicle,12928,gray,pennsylvania,Northeast,usa
1534,5500,ford,2015,clean vehicle,116539,silver,oklahoma,South,usa
1535,38700,ford,2018,clean vehicle,59549,white,oklahoma,South,usa
1536,21000,ford,2019,clean vehicle,12174,red,pennsylvania,Northeast,usa
1537,28500,ford,2016,clean vehicle,96129,white,oklahoma,South,usa
1538,37200,ford,2018,clean vehicle,89809,white,oklahoma,South,usa
1539,18500,ford,2019,clean vehicle,18202,white,pennsylvania,Northeast,usa
1540,15000,ford,2015,clean vehicle,128505,white,oklahoma,South,usa
1541,37700,ford,2017,clean vehicle,43527,white,oklahoma,South,usa
1542,22200,ford,2019,clean vehicle,15792,white,pennsylvania,Northeast,usa
1543,39950,ford,2019,clean vehicle,9278,white,georgia,South,usa
1544,37600,ford,2017,clean vehicle,41925,white,oklahoma,South,usa
1545,18500,ford,2019,clean vehicle,16924,white,pennsylvania,Northeast,usa
1546,10000,ford,2013,clean vehicle,119869,silver,florida,South,usa
1547,20500,ford,2019,clean vehicle,17260,silver,pennsylvania,Northeast,usa
1548,5700,ford,2013,clean vehicle,89490,white,florida,South,usa
1549,21000,ford,2019,clean vehicle,40772,white,pennsylvania,Northeast,usa
1550,22500,ford,2019,clean vehicle,25623,white,pennsylvania,Northeast,usa
1551,29000,ford,2019,clean vehicle,11669,white,colorado,West,usa
1552,13200,ford,2013,clean vehicle,138524,black,florida,South,usa
1553,25500,ford,2019,clean vehicle,13644,white,pennsylvania,Northeast,usa
1554,25700,ford,2016,clean vehicle,147935,white,texas,South,usa
1555,18900,ford,2015,clean vehicle,44456,charcoal,new york,Northeast,usa
1556,31500,ford,2019,clean vehicle,20357,black,pennsylvania,Northeast,usa
1557,45500,ford,2017,clean vehicle,66366,black,florida,South,usa
1558,11000,ford,2017,clean vehicle,43532,gray,pennsylvania,Northeast,usa
1559,18288,ford,2015,clean vehicle,45218,gray,new york,Northeast,usa
1560,20000,ford,2017,clean vehicle,85688,white,florida,South,usa
1561,36600,ford,2016,clean vehicle,58902,white,pennsylvania,Northeast,usa
1562,18299,ford,2015,clean vehicle,59869,silver,pennsylvania,Northeast,usa
1563,10000,ford,2017,clean vehicle,35021,silver,colorado,West,usa
1564,4100,ford,2012,clean vehicle,100264,silver,pennsylvania,Northeast,usa
1565,30995,ford,2015,clean vehicle,157057,off-white,texas,South,usa
1566,1750,ford,2012,salvage insurance,181316,black,minnesota,Midwest,usa
1567,31500,ford,2019,clean vehicle,23222,black,pennsylvania,Northeast,usa
1568,13500,ford,2016,clean vehicle,87686,white,colorado,West,usa
1569,7500,ford,2014,clean vehicle,162918,blue,texas,South,usa
1570,650,ford,2017,salvage insurance,0,black,california,West,usa
1571,22800,ford,2019,clean vehicle,32526,white,pennsylvania,Northeast,usa
1572,11300,ford,2016,clean vehicle,69402,white,colorado,West,usa
1573,32700,ford,2014,clean vehicle,76336,white,texas,South,usa
1574,1350,ford,2012,salvage insurance,163334,white,virginia,South,usa
1575,21900,ford,2019,clean vehicle,47628,white,pennsylvania,Northeast,usa
1576,11700,ford,2014,clean vehicle,135283,orange,texas,South,usa
1577,6500,ford,2014,salvage insurance,147903,white,georgia,South,usa
1578,9800,ford,2014,clean vehicle,74181,black,colorado,West,usa
1579,11000,ford,2014,clean vehicle,77386,white,texas,South,usa
1580,1150,ford,2014,salvage insurance,123349,red,georgia,South,usa
1581,13000,ford,2013,clean vehicle,136661,white,colorado,West,usa
1582,5500,ford,2013,clean vehicle,109600,silver,texas,South,usa
1583,6000,ford,2014,salvage insurance,125369,black,massachusetts,Northeast,usa
1584,11200,ford,2013,clean vehicle,122861,blue,texas,South,usa
1585,5000,ford,2016,salvage insurance,110826,gray,massachusetts,Northeast,usa
1586,23400,ford,2019,clean vehicle,12198,white,missouri,Midwest,usa
1587,13500,ford,2019,salvage insurance,45512,red,massachusetts,Northeast,usa
1588,22900,ford,2019,clean vehicle,15656,white,missouri,Midwest,usa
1589,20000,ford,2020,clean vehicle,23984,silver,virginia,South,usa
1590,22900,ford,2019,clean vehicle,15821,white,missouri,Midwest,usa
1591,27000,ford,2020,clean vehicle,12748,red,virginia,South,usa
1592,54500,ford,2019,clean vehicle,9865,blue,oklahoma,South,usa
1593,20600,ford,2020,clean vehicle,17858,black,virginia,South,usa
1594,23500,ford,2019,clean vehicle,6711,white,missouri,Midwest,usa
1595,53000,ford,2019,clean vehicle,14939,blue,oklahoma,South,usa
1596,23600,ford,2019,clean vehicle,15820,white,missouri,Midwest,usa
1597,33500,ford,2019,clean vehicle,6140,silver,oklahoma,South,usa
1598,24400,ford,2019,clean vehicle,25552,gray,virginia,South,usa
1599,13000,ford,2016,clean vehicle,54984,black,west virginia,South,usa
1600,48400,ford,2019,clean vehicle,24783,black,virginia,South,usa
1601,26500,ford,2014,clean vehicle,148442,silver,west virginia,South,usa
1602,46200,ford,2019,clean vehicle,34191,white,virginia,South,usa
1603,9300,ford,2013,clean vehicle,82072,silver,west virginia,South,usa
1604,13500,ford,2012,clean vehicle,104559,white,west virginia,South,usa
1605,27600,ford,2019,clean vehicle,13265,silver,virginia,South,usa
1606,7400,ford,2013,clean vehicle,133314,red,west virginia,South,usa
1607,26500,ford,2019,clean vehicle,22458,gray,virginia,South,usa
1608,26000,ford,2013,clean vehicle,70106,white,west virginia,South,usa
1609,24500,ford,2019,clean vehicle,23712,black,virginia,South,usa
1610,2100,ford,2012,clean vehicle,101848,red,west virginia,South,usa
1611,16700,ford,2019,clean vehicle,14994,black,virginia,South,usa
1612,17500,ford,2015,clean vehicle,59726,gray,missouri,Midwest,usa
1613,17000,ford,2019,clean vehicle,16448,gray,virginia,South,usa
1614,22500,ford,2015,clean vehicle,28801,black,oklahoma,South,usa
1615,34500,ford,2019,clean vehicle,28938,gray,michigan,Midwest,usa
1616,16600,ford,2019,clean vehicle,19022,black,virginia,South,usa
1617,7500,ford,2014,clean vehicle,93832,silver,missouri,Midwest,usa
1618,34500,ford,2019,clean vehicle,25046,white,michigan,Midwest,usa
1619,25000,ford,2019,clean vehicle,22318,black,virginia,South,usa
1620,36000,ford,2019,clean vehicle,17301,gray,michigan,Midwest,usa
1621,23700,ford,2019,clean vehicle,27413,gray,virginia,South,usa
1622,28600,ford,2019,clean vehicle,39733,silver,michigan,Midwest,usa
1623,23500,ford,2013,clean vehicle,74195,brown,oklahoma,South,usa
1624,25300,ford,2019,clean vehicle,44383,silver,michigan,Midwest,usa
1625,24900,ford,2019,clean vehicle,19151,white,virginia,South,usa
1626,20300,ford,2012,clean vehicle,188394,white,missouri,Midwest,usa
1627,23400,ford,2020,clean vehicle,2452,gray,michigan,Midwest,usa
1628,14600,ford,2019,clean vehicle,36252,silver,virginia,South,usa
1629,25500,ford,2019,clean vehicle,27136,silver,virginia,South,usa
1630,14700,ford,2019,clean vehicle,35951,white,virginia,South,usa
1631,33700,ford,2019,clean vehicle,35221,white,virginia,South,usa
1632,33400,ford,2019,clean vehicle,33808,gray,virginia,South,usa
1633,34000,ford,2019,clean vehicle,32022,black,michigan,Midwest,usa
1634,17500,ford,2019,clean vehicle,34173,white,virginia,South,usa
1635,14100,ford,2019,clean vehicle,24272,white,michigan,Midwest,usa
1636,30000,ford,2019,clean vehicle,19055,black,virginia,South,usa
1637,16500,ford,2019,clean vehicle,34822,red,michigan,Midwest,usa
1638,30600,ford,2019,clean vehicle,15422,gray,virginia,South,usa
1639,12800,ford,2019,clean vehicle,24765,silver,nevada,West,usa
1640,26000,ford,2019,clean vehicle,23019,white,virginia,South,usa
1641,46000,ford,2019,clean vehicle,38243,black,texas,South,usa
1642,28500,ford,2019,clean vehicle,16509,white,virginia,South,usa
1643,24300,ford,2019,clean vehicle,18762,silver,nevada,West,usa
1644,29000,ford,2019,clean vehicle,28854,no_color,texas,South,usa
1645,15300,ford,2019,clean vehicle,17392,black,nevada,West,usa
1646,27900,ford,2019,clean vehicle,13558,white,new mexico,West,usa
1647,24700,ford,2019,clean vehicle,27082,black,nevada,West,usa
1648,14400,ford,2019,clean vehicle,17510,black,texas,South,usa
1649,15000,ford,2019,clean vehicle,24662,white,nevada,West,usa
1650,17200,ford,2014,clean vehicle,96076,black,florida,South,usa
1651,12800,ford,2019,clean vehicle,22858,white,nevada,West,usa
1652,46900,ford,2020,clean vehicle,740,gray,virginia,South,usa
1653,2800,ford,2013,clean vehicle,110748,gray,florida,South,usa
1654,16200,ford,2019,clean vehicle,25090,black,nevada,West,usa
1655,25200,ford,2020,clean vehicle,7,black,virginia,South,usa
1656,34800,ford,2019,clean vehicle,34277,silver,nevada,West,usa
1657,52000,ford,2019,clean vehicle,34527,white,texas,South,usa
1658,26000,ford,2017,clean vehicle,99923,white,texas,South,usa
1659,40600,ford,2019,clean vehicle,39170,white,nevada,West,usa
1660,55000,ford,2019,clean vehicle,16569,no_color,texas,South,usa
1661,5000,ford,2015,clean vehicle,80612,black,texas,South,usa
1662,36400,ford,2019,clean vehicle,36616,black,nevada,West,usa
1663,7500,ford,2015,clean vehicle,92165,white,texas,South,usa
1664,14700,ford,2019,clean vehicle,44778,silver,nevada,West,usa
1665,43900,ford,2020,clean vehicle,2089,no_color,south carolina,South,usa
1666,6400,ford,2013,clean vehicle,91652,red,texas,South,usa
1667,41100,ford,2019,clean vehicle,35801,silver,nevada,West,usa
1668,23000,ford,2013,clean vehicle,88781,white,texas,South,usa
1669,13900,ford,2019,clean vehicle,36978,blue,nevada,West,usa
1670,19000,ford,2012,clean vehicle,189776,white,texas,South,usa
1671,34800,ford,2019,clean vehicle,35233,white,nevada,West,usa
1672,22000,ford,2012,clean vehicle,151641,white,texas,South,usa
1673,16300,ford,2019,clean vehicle,37044,white,nevada,West,usa
1674,18800,ford,2019,clean vehicle,15835,green,virginia,South,usa
1675,13000,ford,2012,clean vehicle,201187,white,texas,South,usa
1676,40900,ford,2019,clean vehicle,41928,black,nevada,West,usa
1677,47000,ford,2019,clean vehicle,37059,gray,virginia,South,usa
1678,12800,ford,2017,clean vehicle,33763,red,wisconsin,Midwest,usa
1679,25500,ford,2019,clean vehicle,29850,gray,nevada,West,usa
1680,17800,ford,2019,clean vehicle,26675,black,virginia,South,usa
1681,25700,ford,2019,clean vehicle,17828,black,nevada,West,usa
1682,17200,ford,2019,clean vehicle,29632,white,virginia,South,usa
1683,35000,ford,2019,clean vehicle,11544,white,new jersey,Northeast,usa
1684,28800,ford,2019,clean vehicle,21976,white,nevada,West,usa
1685,39200,ford,2019,clean vehicle,43617,black,tennessee,South,usa
1686,13600,ford,2019,clean vehicle,49254,gray,pennsylvania,Northeast,usa
1687,24200,ford,2019,clean vehicle,51589,black,nevada,West,usa
1688,46900,ford,2019,clean vehicle,41399,gray,virginia,South,usa
1689,26500,ford,2019,clean vehicle,11734,gray,pennsylvania,Northeast,usa
1690,24700,ford,2019,clean vehicle,41628,silver,nevada,West,usa
1691,12600,ford,2017,clean vehicle,15075,gray,new jersey,Northeast,usa
1692,31800,ford,2019,clean vehicle,26591,red,nevada,West,usa
1693,24500,ford,2019,clean vehicle,22906,white,nevada,West,usa
1694,26000,ford,2019,clean vehicle,33462,white,virginia,South,usa
1695,21000,ford,2017,clean vehicle,32747,gray,pennsylvania,Northeast,usa
1696,22500,ford,2019,clean vehicle,33717,white,nevada,West,usa
1697,7700,ford,2017,clean vehicle,85218,black,pennsylvania,Northeast,usa
1698,23100,ford,2019,clean vehicle,23512,red,nevada,West,usa
1699,9200,ford,2017,clean vehicle,57853,white,pennsylvania,Northeast,usa
1700,19600,ford,2019,clean vehicle,33324,gray,nevada,West,usa
1701,11700,ford,2016,clean vehicle,23803,black,pennsylvania,Northeast,usa
1702,27300,ford,2019,clean vehicle,31260,blue,nevada,West,usa
1703,14300,ford,2016,clean vehicle,69428,white,pennsylvania,Northeast,usa
1704,23600,ford,2019,clean vehicle,15755,white,nevada,West,usa
1705,6200,ford,2016,clean vehicle,90946,gray,pennsylvania,Northeast,usa
1706,22400,ford,2019,clean vehicle,51370,white,nevada,West,usa
1707,5700,ford,2016,clean vehicle,99941,black,pennsylvania,Northeast,usa
1708,23600,ford,2019,clean vehicle,15456,white,nevada,West,usa
1709,4600,ford,2016,clean vehicle,141603,gray,pennsylvania,Northeast,usa
1710,37500,ford,2019,clean vehicle,2382,silver,nevada,West,usa
1711,10700,ford,2016,clean vehicle,99544,white,pennsylvania,Northeast,usa
1712,31900,ford,2019,clean vehicle,21546,black,nevada,West,usa
1713,31600,ford,2019,clean vehicle,16293,black,georgia,South,usa
1714,12600,ford,2018,clean vehicle,40375,gray,nevada,West,usa
1715,5300,ford,2013,clean vehicle,143191,gray,pennsylvania,Northeast,usa
1716,3900,ford,2018,clean vehicle,363,blue,nevada,West,usa
1717,13000,ford,2015,clean vehicle,59656,gray,florida,South,usa
1718,11800,ford,2018,clean vehicle,37878,black,nevada,West,usa
1719,24600,ford,2019,clean vehicle,20628,black,georgia,South,usa
1720,14500,ford,2014,clean vehicle,71205,black,florida,South,usa
1721,24300,ford,2018,clean vehicle,26186,silver,nevada,West,usa
1722,12300,ford,2018,clean vehicle,38157,white,nevada,West,usa
1723,14800,ford,2016,clean vehicle,30325,blue,new jersey,Northeast,usa
1724,17100,ford,2018,clean vehicle,31561,silver,nevada,West,usa
1725,6800,ford,2016,clean vehicle,66655,no_color,new jersey,Northeast,usa
1726,20300,ford,2018,clean vehicle,19029,blue,connecticut,Northeast,usa
1727,26300,ford,2018,clean vehicle,11739,silver,new york,Northeast,usa
1728,22500,ford,2016,clean vehicle,50423,silver,nevada,West,usa
1729,41200,ford,2019,clean vehicle,25638,gray,tennessee,South,usa
1730,20400,ford,2017,clean vehicle,59798,gray,florida,South,usa
1731,49900,ford,2019,clean vehicle,5035,black,virginia,South,usa
1732,12100,ford,2017,clean vehicle,32284,silver,new york,Northeast,usa
1733,24000,ford,2016,clean vehicle,40371,blue,florida,South,usa
1734,9500,ford,2017,clean vehicle,107569,white,new york,Northeast,usa
1735,9000,ford,2017,clean vehicle,96451,silver,new jersey,Northeast,usa
1736,9800,ford,2017,clean vehicle,94851,white,new jersey,Northeast,usa
1737,7800,ford,2017,clean vehicle,108727,silver,connecticut,Northeast,usa
1738,17200,ford,2017,clean vehicle,91979,white,new york,Northeast,usa
1739,18800,ford,2017,clean vehicle,76258,gray,new york,Northeast,usa
1740,9800,ford,2014,clean vehicle,147574,white,california,West,usa
1741,7000,ford,2013,clean vehicle,104764,gray,florida,South,usa
1742,44000,ford,2019,clean vehicle,16934,gray,nevada,West,usa
1743,23400,ford,2019,clean vehicle,13822,white,texas,South,usa
1744,30700,ford,2019,clean vehicle,5250,white,texas,South,usa
1745,15600,ford,2019,clean vehicle,33451,black,south carolina,South,usa
1746,22600,ford,2019,clean vehicle,14291,white,texas,South,usa
1747,22900,ford,2019,clean vehicle,16725,white,south carolina,South,usa
1748,22800,ford,2019,clean vehicle,13002,white,texas,South,usa
1749,22700,ford,2019,clean vehicle,18902,white,south carolina,South,usa
1750,23000,ford,2019,clean vehicle,9732,white,texas,South,usa
1751,22700,ford,2019,clean vehicle,18947,white,south carolina,South,usa
1752,23000,ford,2019,clean vehicle,8402,white,north carolina,South,usa
1753,34400,ford,2019,clean vehicle,17450,gray,south carolina,South,usa
1754,36500,ford,2016,clean vehicle,53986,gray,nevada,West,usa
1755,23100,ford,2019,clean vehicle,15848,white,south carolina,South,usa
1756,23300,ford,2019,clean vehicle,10770,white,south carolina,South,usa
1757,22600,ford,2019,clean vehicle,14587,white,north carolina,South,usa
1758,4500,ford,2016,clean vehicle,98625,gray,mississippi,South,usa
1759,23000,ford,2019,clean vehicle,10916,white,north carolina,South,usa
1760,8000,ford,2014,clean vehicle,107173,white,mississippi,South,usa
1761,11500,ford,2019,clean vehicle,10134,silver,north carolina,South,usa
1762,9400,ford,2017,clean vehicle,43056,no_color,south carolina,South,usa
1763,23000,ford,2019,clean vehicle,10655,white,north carolina,South,usa
1764,2800,ford,2012,clean vehicle,173601,black,california,West,usa
1765,22600,ford,2019,clean vehicle,14231,white,north carolina,South,usa
1766,23000,ford,2019,clean vehicle,8985,white,north carolina,South,usa
1767,5200,ford,2016,clean vehicle,84338,black,south carolina,South,usa
1768,19200,ford,2017,clean vehicle,104290,gray,texas,South,usa
1769,10100,ford,2017,clean vehicle,45592,red,texas,South,usa
1770,6200,ford,2015,clean vehicle,103960,black,south carolina,South,usa
1771,14000,ford,2016,clean vehicle,110333,white,texas,South,usa
1772,5000,ford,2015,clean vehicle,138516,gray,south carolina,South,usa
1773,9200,ford,2016,clean vehicle,49094,red,texas,South,usa
1774,14700,ford,2016,clean vehicle,97526,black,texas,South,usa
1775,3000,ford,2014,clean vehicle,87420,silver,south carolina,South,usa
1776,30200,ford,2015,clean vehicle,67052,red,texas,South,usa
1777,3800,ford,2013,clean vehicle,58913,black,south carolina,South,usa
1778,21500,ford,2015,clean vehicle,14482,no_color,texas,South,usa
1779,4900,ford,2016,clean vehicle,57084,white,california,West,usa
1780,23000,ford,2017,clean vehicle,90251,silver,colorado,West,usa
1781,11200,ford,2014,clean vehicle,97320,no_color,texas,South,usa
1782,10400,ford,2014,clean vehicle,80652,white,california,West,usa
1783,13200,ford,2014,clean vehicle,99816,black,texas,South,usa
1784,5200,ford,2013,clean vehicle,115429,silver,texas,South,usa
1785,10500,ford,2015,clean vehicle,85549,red,new jersey,Northeast,usa
1786,11900,ford,2013,clean vehicle,83030,white,california,West,usa
1787,21200,ford,2014,clean vehicle,130168,white,texas,South,usa
1788,23500,ford,2013,clean vehicle,80090,white,california,West,usa
1789,4700,ford,2013,clean vehicle,118593,white,texas,South,usa
1790,11100,ford,2014,clean vehicle,143704,blue,texas,South,usa
1791,22000,ford,2015,clean vehicle,53507,white,colorado,West,usa
1792,14000,ford,2013,clean vehicle,48408,black,colorado,West,usa
1793,9200,ford,2013,clean vehicle,109672,white,texas,South,usa
1794,23300,ford,2019,clean vehicle,28549,silver,minnesota,Midwest,usa
1795,21700,ford,2012,clean vehicle,114500,green,texas,South,usa
1796,11200,ford,2012,clean vehicle,67140,blue,texas,South,usa
1797,11300,ford,2018,clean vehicle,42168,gray,north carolina,South,usa
1798,4200,ford,2015,salvage insurance,80032,color:,illinois,Midwest,usa
1799,10900,ford,2018,clean vehicle,52240,green,north carolina,South,usa
1800,42300,ford,2019,clean vehicle,34874,gray,florida,South,usa
1801,10500,ford,2014,salvage insurance,119689,white,idaho,West,usa
1802,43400,ford,2019,clean vehicle,37355,gray,florida,South,usa
1803,12500,ford,2016,salvage insurance,100947,white,idaho,West,usa
1804,15900,ford,2019,clean vehicle,26040,white,minnesota,Midwest,usa
1805,42500,ford,2019,clean vehicle,36638,white,florida,South,usa
1806,15000,ford,2015,salvage insurance,137004,white,texas,South,usa
1807,24700,ford,2019,clean vehicle,31794,blue,florida,South,usa
1808,15500,ford,2015,salvage insurance,131106,white,texas,South,usa
1809,49000,ford,2019,clean vehicle,22013,white,minnesota,Midwest,usa
1810,29000,ford,2017,clean vehicle,42291,black,tennessee,South,usa
1811,16800,ford,2019,clean vehicle,13155,white,florida,South,usa
1812,51000,ford,2019,clean vehicle,24869,red,minnesota,Midwest,usa
1813,16500,ford,2019,clean vehicle,18454,white,florida,South,usa
1814,10000,ford,2016,salvage insurance,16694,white,texas,South,usa
1815,27900,ford,2019,clean vehicle,28922,gray,florida,South,usa
1816,23700,ford,2019,clean vehicle,23534,gray,florida,South,usa
1817,20000,ford,2012,salvage insurance,24581,color:,california,West,usa
1818,45600,ford,2019,clean vehicle,35646,gray,florida,South,usa
1819,6000,ford,2012,salvage insurance,129873,white,virginia,South,usa
1820,15600,ford,2019,clean vehicle,28669,black,florida,South,usa
1821,25000,ford,2017,clean vehicle,32454,red,michigan,Midwest,usa
1822,28500,ford,2019,clean vehicle,21800,black,florida,South,usa
1823,8000,ford,2014,salvage insurance,231769,yellow,florida,South,usa
1824,19990,ford,2016,clean vehicle,23796,black,connecticut,Northeast,usa
1825,34400,ford,2019,clean vehicle,42506,gray,florida,South,usa
1826,30999,ford,2016,clean vehicle,6249,shadow black,connecticut,Northeast,usa
1827,41000,ford,2019,clean vehicle,47496,black,florida,South,usa
1828,27999,ford,2016,clean vehicle,10700,gray,massachusetts,Northeast,usa
1829,42000,ford,2019,clean vehicle,39604,black,florida,South,usa
1830,8000,ford,2013,salvage insurance,250831,color:,new jersey,Northeast,usa
1831,29795,ford,2016,clean vehicle,7275,triple yellow tri-coat,connecticut,Northeast,usa
1832,24700,ford,2019,clean vehicle,8806,black,florida,South,usa
1833,13995,ford,2016,clean vehicle,105115,gray,new jersey,Northeast,usa
1834,2900,ford,2015,clean vehicle,57340,silver,florida,South,usa
1835,35400,ford,2019,clean vehicle,36167,white,florida,South,usa
1836,24549,ford,2016,clean vehicle,44941,shadow black,new york,Northeast,usa
1837,8900,ford,2014,clean vehicle,53102,silver,florida,South,usa
1838,15800,ford,2019,clean vehicle,26637,black,florida,South,usa
1839,18500,ford,2016,clean vehicle,45814,black,new york,Northeast,usa
1840,32000,ford,2019,clean vehicle,17310,red,minnesota,Midwest,usa
1841,28300,ford,2019,clean vehicle,24116,gray,florida,South,usa
1842,10500,ford,2019,salvage insurance,14128,blue,florida,South,usa
1843,24970,ford,2016,clean vehicle,49882,green,new york,Northeast,usa
1844,13800,ford,2019,clean vehicle,38964,blue,minnesota,Midwest,usa
1845,2580,ford,2012,clean vehicle,102705,white,florida,South,usa
1846,59975,ford,2019,clean vehicle,71,white,florida,South,usa
1847,2500,ford,2012,salvage insurance,98620,white,indiana,Midwest,usa
1848,28990,ford,2016,clean vehicle,15825,triple yellow tri-coat,massachusetts,Northeast,usa
1849,50000,ford,2019,clean vehicle,29499,blue,minnesota,Midwest,usa
1850,33800,ford,2014,clean vehicle,100255,white,kentucky,South,usa
1851,59975,ford,2019,clean vehicle,174,black,florida,South,usa
1852,2500,ford,2013,salvage insurance,167552,gray,minnesota,Midwest,usa
1853,46999,ford,2016,clean vehicle,16956,magnetic metallic,new jersey,Northeast,usa
1854,16700,ford,2019,clean vehicle,36896,black,minnesota,Midwest,usa
1855,34700,ford,2013,clean vehicle,77281,white,kentucky,South,usa
1856,28900,ford,2019,clean vehicle,24795,black,florida,South,usa
1857,30800,ford,2016,clean vehicle,16771,ruby red metallic tinted clearcoat,new jersey,Northeast,usa
1858,27100,ford,2019,clean vehicle,28692,silver,minnesota,Midwest,usa
1859,13388,ford,2012,clean vehicle,113821,black,louisiana,South,usa
1860,26000,ford,2019,clean vehicle,19793,blue,florida,South,usa
1861,17900,ford,2016,clean vehicle,27940,shadow black,massachusetts,Northeast,usa
1862,23400,ford,2019,clean vehicle,24987,black,minnesota,Midwest,usa
1863,29800,ford,2016,clean vehicle,18367,blue,illinois,Midwest,usa
1864,23700,ford,2019,clean vehicle,14109,gray,florida,South,usa
1865,1725,ford,2012,salvage insurance,158781,black,illinois,Midwest,usa
1866,33995,ford,2016,clean vehicle,27369,black,new jersey,Northeast,usa
1867,23500,ford,2019,clean vehicle,30208,white,minnesota,Midwest,usa
1868,32500,ford,2019,clean vehicle,24024,black,florida,South,usa
1869,2500,ford,2016,salvage insurance,64999,blue,mississippi,South,usa
1870,39000,ford,2019,clean vehicle,8404,black,minnesota,Midwest,usa
1871,11000,ford,2018,clean vehicle,8884,gray,massachusetts,Northeast,usa
1872,32500,ford,2019,clean vehicle,24126,black,florida,South,usa
1873,800,ford,2012,salvage insurance,129659,black,mississippi,South,usa
1874,26900,ford,2019,clean vehicle,31713,black,minnesota,Midwest,usa
1875,11200,ford,2016,clean vehicle,109996,gray,new york,Northeast,usa
1876,21000,ford,2018,clean vehicle,6821,red,new york,Northeast,usa
1877,32000,ford,2019,clean vehicle,17867,red,minnesota,Midwest,usa
1878,7300,ford,2016,clean vehicle,110253,black,connecticut,Northeast,usa
1879,12800,ford,2018,clean vehicle,39364,black,missouri,Midwest,usa
1880,24190,ford,2018,clean vehicle,4018,blue,massachusetts,Northeast,usa
1881,29100,ford,2019,clean vehicle,21054,red,minnesota,Midwest,usa
1882,29000,ford,2017,clean vehicle,48309,red,massachusetts,Northeast,usa
1883,17300,ford,2016,clean vehicle,68666,black,new york,Northeast,usa
1884,19888,ford,2018,clean vehicle,34071,ingot silver metallic,new jersey,Northeast,usa
1885,31000,ford,2019,clean vehicle,13600,white,minnesota,Midwest,usa
1886,37200,ford,2017,clean vehicle,44956,black,massachusetts,Northeast,usa
1887,8600,ford,2016,clean vehicle,72607,silver,new jersey,Northeast,usa
1888,24857,ford,2018,clean vehicle,33815,shadow black,massachusetts,Northeast,usa
1889,23500,ford,2019,clean vehicle,31491,gray,minnesota,Midwest,usa
1890,26100,ford,2018,clean vehicle,32149,white,mississippi,South,usa
1891,10800,ford,2016,clean vehicle,26654,blue,new york,Northeast,usa
1892,20995,ford,2018,clean vehicle,36637,white,new york,Northeast,usa
1893,29300,ford,2019,clean vehicle,17000,white,minnesota,Midwest,usa
1894,33100,ford,2018,clean vehicle,15960,gray,mississippi,South,usa
1895,13800,ford,2016,clean vehicle,40774,gray,new jersey,Northeast,usa
1896,19498,ford,2018,clean vehicle,40338,black,new york,Northeast,usa
1897,14900,ford,2019,clean vehicle,40505,gray,minnesota,Midwest,usa
1898,8700,ford,2016,clean vehicle,30735,black,massachusetts,Northeast,usa
1899,20600,ford,2019,clean vehicle,33965,gray,florida,South,usa
1900,5000,ford,2018,salvage insurance,7339,white,oklahoma,South,usa
1901,19995,ford,2018,clean vehicle,42470,white,new york,Northeast,usa
1902,14900,ford,2019,clean vehicle,40670,silver,minnesota,Midwest,usa
1903,19500,ford,2016,clean vehicle,41233,black,massachusetts,Northeast,usa
1904,24500,ford,2019,clean vehicle,13162,white,florida,South,usa
1905,15000,ford,2018,clean vehicle,38744,white,california,West,usa
1906,26985,ford,2018,clean vehicle,14023,black,new york,Northeast,usa
1907,31000,ford,2019,clean vehicle,9741,white,minnesota,Midwest,usa
1908,24300,ford,2017,clean vehicle,31017,silver,mississippi,South,usa
1909,16800,ford,2019,clean vehicle,37786,gray,florida,South,usa
1910,17200,ford,2018,clean vehicle,32415,white,california,West,usa
1911,34995,ford,2018,clean vehicle,10421,ruby red,new york,Northeast,usa
1912,24300,ford,2019,clean vehicle,29305,white,minnesota,Midwest,usa
1913,26400,ford,2017,clean vehicle,51309,white,mississippi,South,usa
1914,16800,ford,2019,clean vehicle,38001,black,florida,South,usa
1915,15500,ford,2018,clean vehicle,18849,black,california,West,usa
1916,19440,ford,2018,clean vehicle,43269,silver,new york,Northeast,usa
1917,16700,ford,2019,clean vehicle,36989,silver,minnesota,Midwest,usa
1918,29000,ford,2017,clean vehicle,29320,blue,alabama,South,usa
1919,16100,ford,2019,clean vehicle,34244,white,florida,South,usa
1920,17200,ford,2018,clean vehicle,32938,white,california,West,usa
1921,20950,ford,2018,clean vehicle,40793,black,new hampshire,Northeast,usa
1922,46200,ford,2017,clean vehicle,94741,no_color,alabama,South,usa
1923,29400,ford,2019,clean vehicle,25011,white,florida,South,usa
1924,2825,ford,2014,salvage insurance,363810,white,montana,West,usa
1925,32999,ford,2018,clean vehicle,6881,shadow black,new jersey,Northeast,usa
1926,6600,ford,2014,clean vehicle,80423,orange,new jersey,Northeast,usa
1927,50200,ford,2017,clean vehicle,92405,white,alabama,South,usa
1928,28300,ford,2019,clean vehicle,15436,white,florida,South,usa
1929,12000,ford,2017,salvage insurance,104665,white,california,West,usa
1930,32999,ford,2018,clean vehicle,16194,royal crimson metallic tinted clearcoat,new jersey,Northeast,usa
1931,12600,ford,2014,clean vehicle,48188,black,new jersey,Northeast,usa
1932,5200,ford,2017,clean vehicle,65164,red,alabama,South,usa
1933,20500,ford,2019,clean vehicle,35930,black,florida,South,usa
1934,1200,ford,2012,salvage insurance,167376,red,virginia,South,usa
1935,35999,ford,2018,clean vehicle,13674,kona blue metallic,new jersey,Northeast,usa
1936,41000,ford,2019,clean vehicle,9235,silver,minnesota,Midwest,usa
1937,33100,ford,2017,clean vehicle,103002,red,mississippi,South,usa
1938,23500,ford,2019,clean vehicle,12836,blue,florida,South,usa
1939,18799,ford,2015,clean vehicle,137728,red,connecticut,Northeast,usa
1940,33999,ford,2018,clean vehicle,6921,magnetic metallic,new jersey,Northeast,usa
1941,35000,ford,2019,clean vehicle,14359,white,minnesota,Midwest,usa
1942,26100,ford,2017,clean vehicle,58118,white,mississippi,South,usa
1943,15400,ford,2019,clean vehicle,31124,white,florida,South,usa
1944,25998,ford,2015,clean vehicle,25734,color:,new york,Northeast,usa
1945,31831,ford,2018,clean vehicle,14059,black,new jersey,Northeast,usa
1946,40400,ford,2019,clean vehicle,13472,black,minnesota,Midwest,usa
1947,15400,ford,2013,clean vehicle,123983,silver,connecticut,Northeast,usa
1948,13500,ford,2019,clean vehicle,35023,gray,florida,South,usa
1949,25995,ford,2015,clean vehicle,39509,white,new hampshire,Northeast,usa
1950,27990,ford,2018,clean vehicle,4512,ingot silver metallic,new york,Northeast,usa
1951,23985,ford,2015,clean vehicle,51884,white,new jersey,Northeast,usa
1952,27995,ford,2018,clean vehicle,4181,gray,pennsylvania,Northeast,usa
1953,13995,ford,2015,clean vehicle,56703,oxford white,new york,Northeast,usa
1954,29988,ford,2018,clean vehicle,4712,ingot silver metallic,pennsylvania,Northeast,usa
1955,12995,ford,2015,clean vehicle,102800,blue,new jersey,Northeast,usa
1956,21687,ford,2018,clean vehicle,7109,lightning blue,pennsylvania,Northeast,usa
1957,25200,ford,2016,clean vehicle,100943,white,alabama,South,usa
1958,29590,ford,2015,clean vehicle,3915,green,new york,Northeast,usa
1959,28999,ford,2018,clean vehicle,15550,ingot silver,pennsylvania,Northeast,usa
1960,13942,ford,2015,clean vehicle,62542,magnetic metallic,new jersey,Northeast,usa
1961,15300,ford,2018,clean vehicle,38370,silver,utah,West,usa
1962,35400,ford,2020,clean vehicle,671,blue,ohio,Midwest,usa
1963,32700,ford,2016,clean vehicle,61477,silver,alabama,South,usa
1964,13995,ford,2015,clean vehicle,73891,silver,new york,Northeast,usa
1965,1850,ford,2014,salvage insurance,168805,black,michigan,Midwest,usa
1966,15800,ford,2012,clean vehicle,82564,gold,florida,South,usa
1967,36000,ford,2016,clean vehicle,85649,black,mississippi,South,usa
1968,15495,ford,2015,clean vehicle,48374,white,new york,Northeast,usa
1969,21500,ford,2012,clean vehicle,11990,red,florida,South,usa
1970,7200,ford,2016,clean vehicle,64111,black,alabama,South,usa
1971,17589,ford,2015,clean vehicle,28771,red,new jersey,Northeast,usa
1972,31700,ford,2015,clean vehicle,126708,white,alabama,South,usa
1973,31790,ford,2015,clean vehicle,27165,orange,new york,Northeast,usa
1974,18100,ford,2015,clean vehicle,106546,white,mississippi,South,usa
1975,14495,ford,2015,clean vehicle,54778,white,new jersey,Northeast,usa
1976,15000,ford,2020,clean vehicle,11729,white,illinois,Midwest,usa
1977,26400,ford,2015,clean vehicle,85197,black,mississippi,South,usa
1978,27990,ford,2015,clean vehicle,19130,red,massachusetts,Northeast,usa
1979,19700,ford,2015,clean vehicle,72369,white,mississippi,South,usa
1980,15300,ford,2015,clean vehicle,59646,silver,massachusetts,Northeast,usa
1981,22000,ford,2014,clean vehicle,68418,black,mississippi,South,usa
1982,23999,ford,2015,clean vehicle,8400,black,new jersey,Northeast,usa
1983,16488,ford,2015,clean vehicle,45084,gray,new york,Northeast,usa
1984,12784,ford,2015,clean vehicle,67037,gray,new jersey,Northeast,usa
1985,23400,ford,2015,clean vehicle,64135,black,new jersey,Northeast,usa
1986,9705,ford,2017,clean vehicle,72377,black,arkansas,South,usa
1987,25999,ford,2015,clean vehicle,39367,oxford white,new jersey,Northeast,usa
1988,34977,ford,2015,clean vehicle,46540,black,pennsylvania,Northeast,usa
1989,19000,ford,2015,clean vehicle,40677,ingot silver metallic,new jersey,Northeast,usa
1990,15995,ford,2015,clean vehicle,69438,black,new york,Northeast,usa
1991,13487,ford,2015,clean vehicle,96246,gray,new york,Northeast,usa
1992,18707,ford,2015,clean vehicle,69719,white,connecticut,Northeast,usa
1993,15290,ford,2015,clean vehicle,75933,white platinum tri-coat metallic,new york,Northeast,usa
1994,15600,ford,2015,clean vehicle,54325,black,new york,Northeast,usa
1995,47000,ford,2019,clean vehicle,24902,black,illinois,Midwest,usa
1996,16080,ford,2015,clean vehicle,31793,blue,connecticut,Northeast,usa
1997,50000,ford,2019,clean vehicle,16505,white,illinois,Midwest,usa
1998,15268,ford,2015,clean vehicle,74361,black,new york,Northeast,usa
1999,47500,ford,2019,clean vehicle,27868,black,illinois,Midwest,usa
2000,18497,ford,2015,clean vehicle,34011,black,massachusetts,Northeast,usa
2001,10000,ford,2019,clean vehicle,19993,silver,illinois,Midwest,usa
2002,19995,ford,2015,clean vehicle,48115,red,pennsylvania,Northeast,usa
2003,49000,ford,2019,clean vehicle,22543,white,illinois,Midwest,usa
2004,17150,ford,2015,clean vehicle,67091,black,new jersey,Northeast,usa
2005,45000,ford,2019,clean vehicle,28790,black,illinois,Midwest,usa
2006,14295,ford,2015,clean vehicle,59391,guard,new jersey,Northeast,usa
2007,49000,ford,2019,clean vehicle,18449,black,illinois,Midwest,usa
2008,16190,ford,2015,clean vehicle,71824,magnetic metallic,new york,Northeast,usa
2009,49000,ford,2019,clean vehicle,19304,black,illinois,Midwest,usa
2010,17899,ford,2015,clean vehicle,39159,magnetic metallic,new york,Northeast,usa
2011,26000,ford,2019,clean vehicle,18708,black,illinois,Midwest,usa
2012,14000,ford,2015,clean vehicle,79430,magnetic metallic,new jersey,Northeast,usa
2013,15500,ford,2019,clean vehicle,12393,gray,illinois,Midwest,usa
2014,16888,ford,2015,clean vehicle,56329,black,new york,Northeast,usa
2015,28000,ford,2019,clean vehicle,12155,silver,illinois,Midwest,usa
2016,8305,ford,2014,clean vehicle,63291,blue,arkansas,South,usa
2017,21822,ford,2015,clean vehicle,36041,white platinum tri-coat metallic,new jersey,Northeast,usa
2018,15500,ford,2019,clean vehicle,25810,red,illinois,Midwest,usa
2019,12500,ford,2015,clean vehicle,130388,blue,arkansas,South,usa
2020,15995,ford,2015,clean vehicle,23878,blue,new york,Northeast,usa
2021,16000,ford,2019,clean vehicle,15460,white,illinois,Midwest,usa
2022,38200,ford,2018,clean vehicle,46710,white,north carolina,South,usa
2023,12995,ford,2015,clean vehicle,65342,black,new york,Northeast,usa
2024,14488,ford,2015,clean vehicle,64061,tuxedo black metallic,massachusetts,Northeast,usa
2025,17500,ford,2016,clean vehicle,93164,white,florida,South,usa
2026,21995,ford,2015,clean vehicle,35629,blue,massachusetts,Northeast,usa
2027,8500,ford,2015,clean vehicle,118483,white,florida,South,usa
2028,16593,ford,2015,clean vehicle,71573,tuxedo black metallic,massachusetts,Northeast,usa
2029,13000,ford,2017,clean vehicle,33660,black,illinois,Midwest,usa
2030,14247,ford,2015,clean vehicle,61168,blue,pennsylvania,Northeast,usa
2031,23500,ford,2017,clean vehicle,42241,gray,illinois,Midwest,usa
2032,16999,ford,2015,clean vehicle,21004,oxford white,pennsylvania,Northeast,usa
2033,25000,ford,2017,clean vehicle,45003,red,illinois,Midwest,usa
2034,20159,ford,2015,clean vehicle,45278,oxford white,new jersey,Northeast,usa
2035,31000,ford,2017,clean vehicle,1,black,illinois,Midwest,usa
2036,22500,ford,2018,clean vehicle,24747,gray,colorado,West,usa
2037,29500,ford,2017,clean vehicle,48707,black,illinois,Midwest,usa
2038,59900,ford,2020,clean vehicle,2162,no_color,ohio,Midwest,usa
2039,24000,ford,2017,clean vehicle,50874,black,illinois,Midwest,usa
2040,20500,ford,2017,clean vehicle,70727,black,illinois,Midwest,usa
2041,27200,ford,2019,clean vehicle,29382,gray,north carolina,South,usa
2042,24900,ford,2018,clean vehicle,33194,white,virginia,South,usa
2043,24500,ford,2017,clean vehicle,52084,white,illinois,Midwest,usa
2044,34000,ford,2018,clean vehicle,51122,black,virginia,South,usa
2045,28000,ford,2017,clean vehicle,40286,white,illinois,Midwest,usa
2046,27000,ford,2017,clean vehicle,55420,black,illinois,Midwest,usa
2047,34000,ford,2018,clean vehicle,10282,black,virginia,South,usa
2048,42500,ford,2017,clean vehicle,85278,white,illinois,Midwest,usa
2049,33000,ford,2018,clean vehicle,7258,black,pennsylvania,Northeast,usa
2050,10200,ford,2018,clean vehicle,93350,black,pennsylvania,Northeast,usa
2051,25600,ford,2019,clean vehicle,37166,gray,north carolina,South,usa
2052,16300,ford,2018,clean vehicle,69480,white,texas,South,usa
2053,26500,ford,2016,clean vehicle,34679,white,illinois,Midwest,usa
2054,36500,ford,2018,clean vehicle,24151,red,pennsylvania,Northeast,usa
2055,25900,ford,2019,clean vehicle,32796,white,north carolina,South,usa
2056,22500,ford,2016,clean vehicle,67979,black,illinois,Midwest,usa
2057,29000,ford,2018,clean vehicle,18690,white,pennsylvania,Northeast,usa
2058,825,ford,2012,salvage insurance,78072,white,pennsylvania,Northeast,usa
2059,10500,ford,2016,clean vehicle,54251,red,illinois,Midwest,usa
2060,32000,ford,2018,clean vehicle,32262,white,pennsylvania,Northeast,usa
2061,27700,ford,2015,clean vehicle,92358,white,texas,South,usa
2062,4000,ford,2015,clean vehicle,90740,red,illinois,Midwest,usa
2063,38800,ford,2018,clean vehicle,35225,black,pennsylvania,Northeast,usa
2064,26200,ford,2015,clean vehicle,129063,white,texas,South,usa
2065,19500,ford,2018,clean vehicle,49985,white,wisconsin,Midwest,usa
2066,11700,ford,2015,clean vehicle,52340,black,illinois,Midwest,usa
2067,34000,ford,2018,clean vehicle,21406,black,pennsylvania,Northeast,usa
2068,38600,ford,2019,clean vehicle,16619,white,florida,South,usa
2069,21500,ford,2015,clean vehicle,41293,black,illinois,Midwest,usa
2070,38500,ford,2018,clean vehicle,37053,black,pennsylvania,Northeast,usa
2071,38500,ford,2018,clean vehicle,34532,black,pennsylvania,Northeast,usa
2072,12000,ford,2017,clean vehicle,13328,blue,missouri,Midwest,usa
2073,30500,ford,2018,clean vehicle,56836,off-white,pennsylvania,Northeast,usa
2074,11300,ford,2016,clean vehicle,48080,orange,missouri,Midwest,usa
2075,29500,ford,2018,clean vehicle,12271,gray,pennsylvania,Northeast,usa
2076,16100,ford,2014,clean vehicle,97318,white,missouri,Midwest,usa
2077,32500,ford,2018,clean vehicle,12717,red,pennsylvania,Northeast,usa
2078,29000,ford,2019,clean vehicle,12764,black,texas,South,usa
2079,30000,ford,2018,clean vehicle,19951,red,pennsylvania,Northeast,usa
2080,26000,ford,2019,clean vehicle,32458,white,north carolina,South,usa
2081,26000,ford,2018,clean vehicle,21616,gray,pennsylvania,Northeast,usa
2082,18500,ford,2019,clean vehicle,17755,blue,north carolina,South,usa
2083,12000,ford,2017,clean vehicle,73846,gray,texas,South,usa
2084,30000,ford,2018,clean vehicle,15771,blue,pennsylvania,Northeast,usa
2085,14700,ford,2019,clean vehicle,29168,silver,north carolina,South,usa
2086,25000,ford,2017,clean vehicle,159182,red,texas,South,usa
2087,26550,ford,2018,clean vehicle,15296,white,pennsylvania,Northeast,usa
2088,27000,ford,2019,clean vehicle,30476,white,north carolina,South,usa
2089,34000,ford,2016,clean vehicle,131754,white,texas,South,usa
2090,27500,ford,2018,clean vehicle,26095,gray,pennsylvania,Northeast,usa
2091,25500,ford,2018,clean vehicle,22107,gray,pennsylvania,Northeast,usa
2092,13500,ford,2019,clean vehicle,31207,brown,north carolina,South,usa
2093,4000,ford,2015,clean vehicle,112810,gray,texas,South,usa
2094,25700,ford,2018,clean vehicle,19058,white,pennsylvania,Northeast,usa
2095,29000,ford,2015,clean vehicle,109137,white,texas,South,usa
2096,30500,ford,2018,clean vehicle,24058,black,pennsylvania,Northeast,usa
2097,30000,ford,2018,clean vehicle,6967,black,pennsylvania,Northeast,usa
2098,9000,ford,2014,clean vehicle,118340,gray,texas,South,usa
2099,19000,ford,2018,clean vehicle,36145,white,pennsylvania,Northeast,usa
2100,25800,ford,2019,clean vehicle,33942,silver,north carolina,South,usa
2101,26500,ford,2018,clean vehicle,38868,gray,pennsylvania,Northeast,usa
2102,29300,ford,2019,clean vehicle,36190,red,north carolina,South,usa
2103,6300,ford,2018,clean vehicle,37177,black,pennsylvania,Northeast,usa
2104,25400,ford,2019,clean vehicle,39267,white,north carolina,South,usa
2105,26000,ford,2018,clean vehicle,33350,gray,pennsylvania,Northeast,usa
2106,7000,ford,2017,clean vehicle,57889,black,north carolina,South,usa
2107,25900,ford,2018,clean vehicle,34081,red,pennsylvania,Northeast,usa
2108,9700,ford,2019,clean vehicle,26821,gray,north carolina,South,usa
2109,27000,ford,2018,clean vehicle,40577,black,pennsylvania,Northeast,usa
2110,9100,ford,2019,clean vehicle,52355,black,north carolina,South,usa
2111,28000,ford,2018,clean vehicle,30620,red,pennsylvania,Northeast,usa
2112,25700,ford,2019,clean vehicle,22019,black,north carolina,South,usa
2113,27500,ford,2018,clean vehicle,36742,black,pennsylvania,Northeast,usa
2114,9400,ford,2019,clean vehicle,32473,white,north carolina,South,usa
2115,25500,ford,2018,clean vehicle,43406,blue,pennsylvania,Northeast,usa
2116,20500,ford,2019,clean vehicle,34696,white,north carolina,South,usa
2117,21500,ford,2018,clean vehicle,43519,gray,pennsylvania,Northeast,usa
2118,12800,ford,2019,clean vehicle,37716,gray,north carolina,South,usa
2119,23900,ford,2018,clean vehicle,41627,white,pennsylvania,Northeast,usa
2120,9400,ford,2019,clean vehicle,29986,gray,north carolina,South,usa
2121,26900,ford,2018,clean vehicle,41496,silver,pennsylvania,Northeast,usa
2122,25500,ford,2019,clean vehicle,20613,gray,north carolina,South,usa
2123,27000,ford,2018,clean vehicle,33475,blue,pennsylvania,Northeast,usa
2124,9300,ford,2019,clean vehicle,32305,silver,north carolina,South,usa
2125,14400,ford,2018,clean vehicle,38148,black,pennsylvania,Northeast,usa
2126,19000,ford,2019,clean vehicle,39976,red,north carolina,South,usa
2127,14000,ford,2018,clean vehicle,50513,white,pennsylvania,Northeast,usa
2128,13600,ford,2019,clean vehicle,31408,gray,north carolina,South,usa
2129,19200,ford,2018,clean vehicle,41351,white,pennsylvania,Northeast,usa
2130,13600,ford,2019,clean vehicle,32038,red,north carolina,South,usa
2131,18600,ford,2018,clean vehicle,38279,white,pennsylvania,Northeast,usa
2132,13700,ford,2019,clean vehicle,30471,red,north carolina,South,usa
2133,18200,ford,2018,clean vehicle,41569,white,pennsylvania,Northeast,usa
2134,13800,ford,2019,clean vehicle,31142,silver,north carolina,South,usa
2135,22000,ford,2018,clean vehicle,31598,black,pennsylvania,Northeast,usa
2136,13700,ford,2019,clean vehicle,31380,silver,north carolina,South,usa
2137,28000,ford,2018,clean vehicle,22179,black,pennsylvania,Northeast,usa
2138,13800,ford,2019,clean vehicle,29266,white,north carolina,South,usa
2139,18600,ford,2018,clean vehicle,42156,white,pennsylvania,Northeast,usa
2140,13700,ford,2019,clean vehicle,30875,red,north carolina,South,usa
2141,13700,ford,2019,clean vehicle,30609,silver,north carolina,South,usa
2142,13800,ford,2019,clean vehicle,29508,silver,north carolina,South,usa
2143,17700,ford,2019,clean vehicle,12837,gray,north carolina,South,usa
2144,13900,ford,2019,clean vehicle,29633,white,north carolina,South,usa
2145,13900,ford,2019,clean vehicle,27461,no_color,north carolina,South,usa
2146,50500,ford,2018,clean vehicle,74961,white,pennsylvania,Northeast,usa
2147,13600,ford,2019,clean vehicle,32154,gray,north carolina,South,usa
2148,55000,ford,2018,clean vehicle,37245,black,pennsylvania,Northeast,usa
2149,13800,ford,2019,clean vehicle,29345,white,north carolina,South,usa
2150,56000,ford,2018,clean vehicle,25371,black,pennsylvania,Northeast,usa
2151,13800,ford,2019,clean vehicle,30054,silver,north carolina,South,usa
2152,45800,ford,2018,clean vehicle,11173,white,pennsylvania,Northeast,usa
2153,13800,ford,2019,clean vehicle,30902,no_color,north carolina,South,usa
2154,5500,nissan,2018,clean vehicle,31231,silver,north carolina,South,usa
2155,14400,nissan,2020,clean vehicle,10728,gray,arizona,West,usa
2156,11450,nissan,2018,clean vehicle,35374,white,florida,South,usa
2157,11000,nissan,2018,clean vehicle,36715,black,florida,South,usa
2158,11450,nissan,2018,clean vehicle,33437,red,florida,South,usa
2159,11000,nissan,2018,clean vehicle,36788,black,florida,South,usa
2160,11200,nissan,2018,clean vehicle,35491,black,florida,South,usa
2161,11400,nissan,2018,clean vehicle,33644,black,florida,South,usa
2162,11450,nissan,2018,clean vehicle,35831,gray,florida,South,usa
2163,11050,nissan,2018,clean vehicle,35050,gray,florida,South,usa
2164,11400,nissan,2018,clean vehicle,34924,gray,florida,South,usa
2165,11050,nissan,2018,clean vehicle,34962,silver,florida,South,usa
2166,10850,nissan,2018,clean vehicle,39985,gray,florida,South,usa
2167,10900,nissan,2018,clean vehicle,38816,red,florida,South,usa
2168,10450,nissan,2018,clean vehicle,41579,red,florida,South,usa
2169,10800,nissan,2018,clean vehicle,40455,gray,florida,South,usa
2170,10850,nissan,2018,clean vehicle,39996,white,florida,South,usa
2171,10800,nissan,2018,clean vehicle,41077,black,florida,South,usa
2172,10850,nissan,2018,clean vehicle,39183,gray,florida,South,usa
2173,10800,nissan,2018,clean vehicle,40478,black,florida,South,usa
2174,10900,nissan,2018,clean vehicle,38806,white,florida,South,usa
2175,10400,nissan,2018,clean vehicle,45331,blue,florida,South,usa
2176,10500,nissan,2018,clean vehicle,43531,blue,florida,South,usa
2177,10800,nissan,2018,clean vehicle,41033,silver,florida,South,usa
2178,10800,nissan,2018,clean vehicle,40332,gray,florida,South,usa
2179,11200,nissan,2019,clean vehicle,22319,silver,arizona,West,usa
2180,11100,nissan,2019,clean vehicle,22305,blue,arizona,West,usa
2181,12200,nissan,2019,clean vehicle,36996,black,arizona,West,usa
2182,4000,nissan,2019,clean vehicle,1,black,arizona,West,usa
2183,9000,nissan,2019,clean vehicle,27611,gray,arizona,West,usa
2184,14900,nissan,2019,clean vehicle,26516,silver,arizona,West,usa
2185,4600,nissan,2019,clean vehicle,31397,blue,arizona,West,usa
2186,6400,nissan,2019,clean vehicle,18300,red,arizona,West,usa
2187,10400,nissan,2019,clean vehicle,26743,white,arizona,West,usa
2188,7800,nissan,2019,clean vehicle,15832,black,arizona,West,usa
2189,12300,nissan,2019,clean vehicle,31939,white,arizona,West,usa
2190,10900,nissan,2019,clean vehicle,31037,gray,arizona,West,usa
2191,8500,nissan,2019,clean vehicle,22521,white,arizona,West,usa
2192,7300,nissan,2019,clean vehicle,31335,white,arizona,West,usa
2193,5900,nissan,2019,clean vehicle,28315,red,arizona,West,usa
2194,20000,nissan,2017,clean vehicle,83437,white,texas,South,usa
2195,11200,nissan,2018,clean vehicle,42250,blue,wisconsin,Midwest,usa
2196,14400,nissan,2018,clean vehicle,45732,black,wisconsin,Midwest,usa
2197,16500,nissan,2018,clean vehicle,49185,white,wisconsin,Midwest,usa
2198,13400,nissan,2017,clean vehicle,45826,silver,wisconsin,Midwest,usa
2199,12500,nissan,2017,clean vehicle,36844,white,wisconsin,Midwest,usa
2200,6500,nissan,2013,clean vehicle,104343,gray,illinois,Midwest,usa
2201,19800,nissan,2018,clean vehicle,34138,white,florida,South,usa
2202,8800,nissan,2018,clean vehicle,34761,white,florida,South,usa
2203,12800,nissan,2018,clean vehicle,32656,blue,florida,South,usa
2204,8800,nissan,2018,clean vehicle,34837,red,florida,South,usa
2205,3500,nissan,2019,clean vehicle,30099,white,missouri,Midwest,usa
2206,750,nissan,2018,clean vehicle,37088,gray,missouri,Midwest,usa
2207,10800,nissan,2017,clean vehicle,41729,blue,florida,South,usa
2208,22300,nissan,2017,clean vehicle,17195,white,texas,South,usa
2209,8300,nissan,2018,clean vehicle,43064,gray,california,West,usa
2210,8300,nissan,2018,clean vehicle,47510,gray,california,West,usa
2211,8000,nissan,2018,clean vehicle,52571,gray,california,West,usa
2212,15200,nissan,2018,clean vehicle,12129,black,alabama,South,usa
2213,6700,nissan,2017,clean vehicle,62280,white,california,West,usa
2214,7500,nissan,2017,clean vehicle,74859,gray,connecticut,Northeast,usa
2215,10500,nissan,2017,clean vehicle,59508,black,connecticut,Northeast,usa
2216,8400,nissan,2017,clean vehicle,58529,white,connecticut,Northeast,usa
2217,7000,nissan,2015,salvage insurance,24396,black,florida,South,usa
2218,25500,nissan,2020,clean vehicle,10317,black,california,West,usa
2219,4100,nissan,2017,salvage insurance,37619,black,florida,South,usa
2220,13900,nissan,2020,clean vehicle,15160,black,california,West,usa
2221,1900,nissan,2015,salvage insurance,91898,black,florida,South,usa
2222,14700,nissan,2017,clean vehicle,31198,white,connecticut,Northeast,usa
2223,1900,nissan,2013,salvage insurance,144015,blue,ohio,Midwest,usa
2224,18800,nissan,2017,clean vehicle,15621,white,missouri,Midwest,usa
2225,7800,nissan,2018,clean vehicle,54815,red,california,West,usa
2226,13500,nissan,2016,clean vehicle,53011,red,louisiana,South,usa
2227,8000,nissan,2018,clean vehicle,56255,silver,california,West,usa
2228,3300,nissan,2013,clean vehicle,100225,gray,louisiana,South,usa
2229,7200,nissan,2017,clean vehicle,54117,silver,connecticut,Northeast,usa
2230,8000,nissan,2017,clean vehicle,54119,gray,california,West,usa
2231,1280,nissan,2012,salvage insurance,162176,black,indiana,Midwest,usa
2232,14000,nissan,2018,clean vehicle,37655,white,florida,South,usa
2233,3500,nissan,2015,clean vehicle,101178,gray,california,West,usa
2234,600,nissan,2012,salvage insurance,206142,silver,kansas,Midwest,usa
2235,12500,nissan,2018,clean vehicle,43187,gray,california,West,usa
2236,5800,nissan,2013,salvage insurance,105590,gray,texas,South,usa
2237,8000,nissan,2018,clean vehicle,53903,gray,california,West,usa
2238,2200,nissan,2015,salvage insurance,73382,tan,texas,South,usa
2239,8300,nissan,2018,clean vehicle,48977,white,california,West,usa
2240,7500,nissan,2016,clean vehicle,77504,blue,missouri,Midwest,usa
2241,8000,nissan,2018,clean vehicle,50871,blue,california,West,usa
2242,3500,nissan,2012,clean vehicle,107734,silver,missouri,Midwest,usa
2243,8000,nissan,2018,clean vehicle,53098,white,california,West,usa
2244,2000,nissan,2012,salvage insurance,159990,burgundy,oklahoma,South,usa
2245,7800,nissan,2018,clean vehicle,51552,red,california,West,usa
2246,8000,nissan,2018,clean vehicle,54692,white,california,West,usa
2247,18500,nissan,2019,clean vehicle,18611,white,california,West,usa
2248,8000,nissan,2018,clean vehicle,51654,blue,california,West,usa
2249,18300,nissan,2019,clean vehicle,24046,white,california,West,usa
2250,7500,nissan,2018,clean vehicle,65184,red,california,West,usa
2251,29800,nissan,2019,clean vehicle,37398,blue,california,West,usa
2252,21100,nissan,2020,clean vehicle,19597,silver,south carolina,South,usa
2253,16200,nissan,2019,clean vehicle,34122,silver,california,West,usa
2254,6998,nissan,2015,clean vehicle,43651,super black,vermont,Northeast,usa
2255,14700,nissan,2020,clean vehicle,15387,gray,pennsylvania,Northeast,usa
2256,19000,nissan,2020,clean vehicle,264,black,california,West,usa
2257,7500,nissan,2016,clean vehicle,58126,black,texas,South,usa
2258,7998,nissan,2015,clean vehicle,62921,cayenne red,vermont,Northeast,usa
2259,10999,nissan,2015,clean vehicle,43279,super black,massachusetts,Northeast,usa
2260,2900,nissan,2012,salvage insurance,117844,gray,north carolina,South,usa
2261,8495,nissan,2015,clean vehicle,45043,morningsky blue,new hampshire,Northeast,usa
2262,19925,nissan,2016,clean vehicle,42837,gray,alabama,South,usa
2263,9500,nissan,2018,clean vehicle,42782,black,new jersey,Northeast,usa
2264,12750,nissan,2015,clean vehicle,24629,pearl white,massachusetts,Northeast,usa
2265,22800,nissan,2015,clean vehicle,35902,blue,alabama,South,usa
2266,11621,nissan,2015,clean vehicle,12840,glacier white,rhode island,Northeast,usa
2267,11590,nissan,2015,clean vehicle,63933,cayenne red,new hampshire,Northeast,usa
2268,4700,nissan,2012,clean vehicle,100079,black,alabama,South,usa
2269,11390,nissan,2015,clean vehicle,37953,super black,new york,Northeast,usa
2270,14500,nissan,2017,clean vehicle,8677,blue,tennessee,South,usa
2271,12000,nissan,2020,clean vehicle,11583,blue,ohio,Midwest,usa
2272,15000,nissan,2020,clean vehicle,14320,blue,ohio,Midwest,usa
2273,7500,nissan,2016,clean vehicle,19723,black,georgia,South,usa
2274,28000,nissan,2018,clean vehicle,29554,gray,pennsylvania,Northeast,usa
2275,17500,nissan,2018,clean vehicle,39309,black,pennsylvania,Northeast,usa
2276,18000,nissan,2018,clean vehicle,34951,silver,pennsylvania,Northeast,usa
2277,13200,nissan,2018,clean vehicle,35870,black,pennsylvania,Northeast,usa
2278,17000,nissan,2018,clean vehicle,44423,gray,texas,South,usa
2279,6700,nissan,2012,clean vehicle,92982,black,georgia,South,usa
2280,23300,nissan,2018,clean vehicle,36844,white,texas,South,usa
2281,26800,nissan,2018,clean vehicle,33605,white,new mexico,West,usa
2282,18200,nissan,2018,clean vehicle,28009,black,tennessee,South,usa
2283,18700,nissan,2018,clean vehicle,41366,silver,virginia,South,usa
2284,12900,nissan,2016,clean vehicle,98354,red,new jersey,Northeast,usa
2285,16000,nissan,2018,clean vehicle,39598,no_color,virginia,South,usa
2286,19400,nissan,2020,clean vehicle,21009,black,minnesota,Midwest,usa
2287,10900,nissan,2018,clean vehicle,28880,silver,tennessee,South,usa
2288,15800,nissan,2018,clean vehicle,28626,black,virginia,South,usa
2289,19800,nissan,2020,clean vehicle,14850,silver,minnesota,Midwest,usa
2290,19000,nissan,2018,clean vehicle,41096,black,virginia,South,usa
2291,18000,nissan,2020,clean vehicle,12748,black,minnesota,Midwest,usa
2292,19800,nissan,2020,clean vehicle,14531,blue,minnesota,Midwest,usa
2293,19700,nissan,2020,clean vehicle,15931,black,minnesota,Midwest,usa
2294,20100,nissan,2020,clean vehicle,10875,blue,minnesota,Midwest,usa
2295,19700,nissan,2019,clean vehicle,31172,silver,minnesota,Midwest,usa
2296,23400,nissan,2019,clean vehicle,16248,white,minnesota,Midwest,usa
2297,23300,nissan,2019,clean vehicle,18137,black,minnesota,Midwest,usa
2298,17500,nissan,2019,clean vehicle,25664,black,minnesota,Midwest,usa
2299,17100,nissan,2019,clean vehicle,31026,black,minnesota,Midwest,usa
2300,15800,nissan,2019,clean vehicle,41287,silver,minnesota,Midwest,usa
2301,13600,nissan,2019,clean vehicle,43612,black,minnesota,Midwest,usa
2302,14400,nissan,2019,clean vehicle,29545,black,minnesota,Midwest,usa
2303,19800,nissan,2019,clean vehicle,24303,silver,minnesota,Midwest,usa
2304,17200,nissan,2019,clean vehicle,29661,gray,minnesota,Midwest,usa
2305,20300,nissan,2019,clean vehicle,18857,silver,minnesota,Midwest,usa
2306,20500,nissan,2019,clean vehicle,14470,gray,minnesota,Midwest,usa
2307,16500,nissan,2019,clean vehicle,42364,silver,minnesota,Midwest,usa
2308,16000,nissan,2019,clean vehicle,37108,black,minnesota,Midwest,usa
2309,14600,nissan,2019,clean vehicle,26432,blue,minnesota,Midwest,usa
2310,16300,nissan,2019,clean vehicle,24174,white,minnesota,Midwest,usa
2311,15400,nissan,2019,clean vehicle,30756,silver,minnesota,Midwest,usa
2312,15800,nissan,2019,clean vehicle,32473,blue,minnesota,Midwest,usa
2313,15800,nissan,2019,clean vehicle,22947,blue,minnesota,Midwest,usa
2314,21400,nissan,2018,clean vehicle,17127,white,georgia,South,usa
2315,15300,nissan,2019,clean vehicle,20793,gray,minnesota,Midwest,usa
2316,20100,nissan,2019,clean vehicle,32519,black,minnesota,Midwest,usa
2317,11300,nissan,2019,clean vehicle,26930,gray,minnesota,Midwest,usa
2318,10700,nissan,2019,clean vehicle,40839,black,minnesota,Midwest,usa
2319,16000,nissan,2018,clean vehicle,44732,no_color,south carolina,South,usa
2320,16600,nissan,2019,clean vehicle,19292,white,minnesota,Midwest,usa
2321,15800,nissan,2019,clean vehicle,24155,gray,minnesota,Midwest,usa
2322,11600,nissan,2019,clean vehicle,33369,black,minnesota,Midwest,usa
2323,15000,nissan,2017,clean vehicle,28918,red,virginia,South,usa
2324,17600,nissan,2019,clean vehicle,21623,blue,minnesota,Midwest,usa
2325,36300,nissan,2017,clean vehicle,16224,white,virginia,South,usa
2326,15600,nissan,2019,clean vehicle,26406,silver,minnesota,Midwest,usa
2327,14000,nissan,2017,clean vehicle,27790,green,virginia,South,usa
2328,16600,nissan,2019,clean vehicle,19182,black,minnesota,Midwest,usa
2329,12600,nissan,2017,clean vehicle,11837,gray,tennessee,South,usa
2330,20900,nissan,2019,clean vehicle,21774,black,minnesota,Midwest,usa
2331,12700,nissan,2017,clean vehicle,17738,black,tennessee,South,usa
2332,15600,nissan,2019,clean vehicle,27206,white,minnesota,Midwest,usa
2333,18900,nissan,2019,clean vehicle,20508,silver,minnesota,Midwest,usa
2334,15700,nissan,2019,clean vehicle,24987,blue,minnesota,Midwest,usa
2335,21900,nissan,2019,clean vehicle,21273,gray,minnesota,Midwest,usa
2336,21700,nissan,2019,clean vehicle,23863,black,minnesota,Midwest,usa
2337,14600,nissan,2016,clean vehicle,31566,gray,virginia,South,usa
2338,12000,nissan,2019,clean vehicle,25261,gray,minnesota,Midwest,usa
2339,21000,nissan,2019,clean vehicle,20628,silver,minnesota,Midwest,usa
2340,12500,nissan,2017,clean vehicle,48765,blue,pennsylvania,Northeast,usa
2341,15900,nissan,2019,clean vehicle,30645,silver,minnesota,Midwest,usa
2342,11800,nissan,2017,clean vehicle,60158,red,pennsylvania,Northeast,usa
2343,9900,nissan,2019,clean vehicle,39985,blue,minnesota,Midwest,usa
2344,10600,nissan,2018,clean vehicle,39208,black,minnesota,Midwest,usa
2345,10100,nissan,2018,clean vehicle,45080,black,minnesota,Midwest,usa
2346,13300,nissan,2018,clean vehicle,39247,gray,minnesota,Midwest,usa
2347,10100,nissan,2018,clean vehicle,46382,white,minnesota,Midwest,usa
2348,10300,nissan,2018,clean vehicle,39893,black,minnesota,Midwest,usa
2349,10300,nissan,2018,clean vehicle,41203,gray,minnesota,Midwest,usa
2350,10300,nissan,2018,clean vehicle,40648,blue,minnesota,Midwest,usa
2351,24000,nissan,2018,clean vehicle,31551,gray,minnesota,Midwest,usa
2352,10400,nissan,2018,clean vehicle,38761,gray,minnesota,Midwest,usa
2353,10200,nissan,2018,clean vehicle,42838,gray,minnesota,Midwest,usa
2354,9500,nissan,2018,clean vehicle,41557,blue,minnesota,Midwest,usa
2355,10500,nissan,2018,clean vehicle,41136,black,minnesota,Midwest,usa
2356,10500,nissan,2018,clean vehicle,41141,silver,minnesota,Midwest,usa
2357,3500,nissan,2016,clean vehicle,115716,blue,pennsylvania,Northeast,usa
2358,9300,nissan,2018,clean vehicle,52260,black,minnesota,Midwest,usa
2359,14100,nissan,2016,clean vehicle,22041,silver,pennsylvania,Northeast,usa
2360,2425,nissan,2012,salvage insurance,161836,black,tennessee,South,usa
2361,925,nissan,2012,salvage insurance,83720,silver,tennessee,South,usa
2362,11000,nissan,2016,clean vehicle,37605,black,pennsylvania,Northeast,usa
2363,11000,nissan,2016,clean vehicle,63738,green,pennsylvania,Northeast,usa
2364,2100,nissan,2013,salvage insurance,155704,silver,tennessee,South,usa
2365,800,nissan,2012,salvage insurance,234792,black,florida,South,usa
2366,20400,nissan,2018,clean vehicle,24143,silver,south carolina,South,usa
2367,375,nissan,2017,salvage insurance,1,red,north carolina,South,usa
2368,3000,nissan,2015,clean vehicle,132655,beige,pennsylvania,Northeast,usa
2369,15100,nissan,2017,clean vehicle,28079,gray,south carolina,South,usa
2370,4000,nissan,2015,salvage insurance,74906,silver,north carolina,South,usa
2371,19500,nissan,2017,clean vehicle,53155,gray,south carolina,South,usa
2372,22600,nissan,2017,clean vehicle,94258,gray,south carolina,South,usa
2373,6500,nissan,2014,clean vehicle,65620,white,pennsylvania,Northeast,usa
2374,11800,nissan,2012,clean vehicle,92878,gray,pennsylvania,Northeast,usa
2375,20500,nissan,2017,clean vehicle,25918,white,missouri,Midwest,usa
2376,14200,nissan,2018,clean vehicle,37830,black,ohio,Midwest,usa
2377,22000,nissan,2018,clean vehicle,13875,white,ohio,Midwest,usa
2378,16200,nissan,2018,clean vehicle,6024,silver,ohio,Midwest,usa
2379,4800,nissan,2016,salvage insurance,76789,gray,texas,South,usa
2380,16000,nissan,2018,clean vehicle,30409,black,ohio,Midwest,usa
2381,14300,nissan,2018,clean vehicle,44864,gray,ohio,Midwest,usa
2382,16800,nissan,2019,clean vehicle,42397,silver,florida,South,usa
2383,11900,nissan,2018,clean vehicle,16778,gray,ohio,Midwest,usa
2384,3000,nissan,2015,salvage insurance,99767,gray,south carolina,South,usa
2385,15000,nissan,2019,clean vehicle,34692,gray,florida,South,usa
2386,15200,nissan,2019,clean vehicle,30721,gray,florida,South,usa
2387,18000,nissan,2017,clean vehicle,53376,black,ohio,Midwest,usa
2388,22700,nissan,2016,clean vehicle,21282,white,ohio,Midwest,usa
2389,3800,nissan,2015,clean vehicle,81699,blue,texas,South,usa
2390,5475,nissan,2018,salvage insurance,33048,black,connecticut,Northeast,usa
2391,11400,nissan,2018,clean vehicle,10372,blue,illinois,Midwest,usa
2392,28100,nissan,2018,clean vehicle,8889,silver,illinois,Midwest,usa
2393,3500,nissan,2017,clean vehicle,127780,gray,illinois,Midwest,usa
2394,15200,nissan,2016,clean vehicle,59640,orange,illinois,Midwest,usa
2395,1950,nissan,2015,salvage insurance,83975,blue,california,West,usa
2396,13400,nissan,2016,clean vehicle,46178,black,illinois,Midwest,usa
2397,12500,nissan,2018,clean vehicle,34460,gray,florida,South,usa
2398,16500,nissan,2018,clean vehicle,30594,black,florida,South,usa
2399,16500,nissan,2018,clean vehicle,39817,silver,florida,South,usa
2400,16500,nissan,2018,clean vehicle,40419,black,florida,South,usa
2401,13900,nissan,2018,clean vehicle,35493,black,florida,South,usa
2402,13900,nissan,2018,clean vehicle,37073,gray,florida,South,usa
2403,1500,nissan,2013,salvage insurance,98384,black,maryland,South,usa
2404,16500,nissan,2018,clean vehicle,34640,white,florida,South,usa
2405,13900,nissan,2018,clean vehicle,38760,white,florida,South,usa
2406,16500,nissan,2018,clean vehicle,34841,black,florida,South,usa
2407,13900,nissan,2018,clean vehicle,35065,gray,florida,South,usa
2408,12400,nissan,2018,clean vehicle,37741,black,florida,South,usa
2409,13000,nissan,2018,clean vehicle,27488,gray,florida,South,usa
2410,16500,nissan,2018,clean vehicle,37452,gray,florida,South,usa
2411,13900,nissan,2018,clean vehicle,39797,black,florida,South,usa
2412,16500,nissan,2018,clean vehicle,36714,black,florida,South,usa
2413,13900,nissan,2018,clean vehicle,36207,black,florida,South,usa
2414,13900,nissan,2018,clean vehicle,38563,black,florida,South,usa
2415,13900,nissan,2018,clean vehicle,39885,silver,florida,South,usa
2416,12100,nissan,2018,clean vehicle,41852,silver,florida,South,usa
2417,16500,nissan,2018,clean vehicle,39454,silver,florida,South,usa
2418,16500,nissan,2018,clean vehicle,40203,blue,florida,South,usa
2419,13900,nissan,2018,clean vehicle,34547,white,florida,South,usa
2420,3700,nissan,2015,clean vehicle,75858,silver,illinois,Midwest,usa
2421,18800,nissan,2019,clean vehicle,31123,white,north carolina,South,usa
2422,9200,nissan,2018,clean vehicle,33808,black,florida,South,usa
2423,30100,nissan,2019,clean vehicle,30599,black,north carolina,South,usa
2424,9200,nissan,2018,clean vehicle,33931,black,florida,South,usa
2425,11100,nissan,2019,clean vehicle,40359,black,north carolina,South,usa
2426,13900,nissan,2018,clean vehicle,44313,white,florida,South,usa
2427,9100,nissan,2018,clean vehicle,33078,black,florida,South,usa
2428,22800,nissan,2019,clean vehicle,24320,black,illinois,Midwest,usa
2429,13900,nissan,2018,clean vehicle,42502,black,florida,South,usa
2430,12600,nissan,2019,clean vehicle,33497,gray,california,West,usa
2431,9200,nissan,2018,clean vehicle,39577,silver,florida,South,usa
2432,12100,nissan,2019,clean vehicle,36974,gray,california,West,usa
2433,9200,nissan,2018,clean vehicle,41220,black,florida,South,usa
2434,2300,nissan,2019,clean vehicle,1,silver,california,West,usa
2435,13900,nissan,2018,clean vehicle,41539,black,florida,South,usa
2436,9500,nissan,2019,clean vehicle,19646,black,california,West,usa
2437,13900,nissan,2018,clean vehicle,39924,white,florida,South,usa
2438,1700,nissan,2019,clean vehicle,33279,red,california,West,usa
2439,13900,nissan,2018,clean vehicle,40259,gray,florida,South,usa
2440,10400,nissan,2019,clean vehicle,25264,blue,california,West,usa
2441,9200,nissan,2018,clean vehicle,35677,black,florida,South,usa
2442,7400,nissan,2019,clean vehicle,35511,black,california,West,usa
2443,9200,nissan,2018,clean vehicle,33027,black,florida,South,usa
2444,7800,nissan,2019,clean vehicle,23609,red,california,West,usa
2445,9200,nissan,2018,clean vehicle,34553,silver,florida,South,usa
2446,9200,nissan,2018,clean vehicle,31594,silver,florida,South,usa
2447,9200,nissan,2018,clean vehicle,32557,black,florida,South,usa
2448,9200,nissan,2018,clean vehicle,31371,silver,florida,South,usa
